entity_type,entity_id,field_name,source_id
reigns,numenor-numenor-elros-tar-minyatur-32,start_age,numenor
reigns,numenor-numenor-elros-tar-minyatur-32,start_year,numenor
reigns,numenor-numenor-elros-tar-minyatur-32,end_age,numenor
reigns,numenor-numenor-elros-tar-minyatur-32,end_year,numenor
reigns,numenor-numenor-elros-tar-minyatur-32,status,numenor
reigns,numenor-numenor-vardamir-nolimon-442,start_age,numenor
reigns,numenor-numenor-vardamir-nolimon-442,start_year,numenor
reigns,numenor-numenor-vardamir-nolimon-442,end_age,numenor
reigns,numenor-numenor-vardamir-nolimon-442,end_year,numenor
reigns,numenor-numenor-vardamir-nolimon-442,status,numenor
reigns,numenor-numenor-tar-amandil-443,start_age,numenor
reigns,numenor-numenor-tar-amandil-443,start_year,numenor
reigns,numenor-numenor-tar-amandil-443,end_age,numenor
reigns,numenor-numenor-tar-amandil-443,end_year,numenor
reigns,numenor-numenor-tar-amandil-443,status,numenor
reigns,numenor-numenor-tar-elendil-590,start_age,numenor
reigns,numenor-numenor-tar-elendil-590,start_year,numenor
reigns,numenor-numenor-tar-elendil-590,end_age,numenor
reigns,numenor-numenor-tar-elendil-590,end_year,numenor
reigns,numenor-numenor-tar-elendil-590,status,numenor
reigns,numenor-numenor-tar-meneldur-740,start_age,numenor
reigns,numenor-numenor-tar-meneldur-740,start_year,numenor
reigns,numenor-numenor-tar-meneldur-740,end_age,numenor
reigns,numenor-numenor-tar-meneldur-740,end_year,numenor
reigns,numenor-numenor-tar-meneldur-740,status,numenor
reigns,numenor-numenor-tar-aldarion-883,start_age,numenor
reigns,numenor-numenor-tar-aldarion-883,start_year,numenor
reigns,numenor-numenor-tar-aldarion-883,end_age,numenor
reigns,numenor-numenor-tar-aldarion-883,end_year,numenor
reigns,numenor-numenor-tar-aldarion-883,status,numenor
reigns,numenor-numenor-tar-ancalime-1075,start_age,numenor
reigns,numenor-numenor-tar-ancalime-1075,start_year,numenor
reigns,numenor-numenor-tar-ancalime-1075,end_age,numenor
reigns,numenor-numenor-tar-ancalime-1075,end_year,numenor
reigns,numenor-numenor-tar-ancalime-1075,status,numenor
reigns,numenor-numenor-tar-anarion-1280,start_age,numenor
reigns,numenor-numenor-tar-anarion-1280,start_year,numenor
reigns,numenor-numenor-tar-anarion-1280,end_age,numenor
reigns,numenor-numenor-tar-anarion-1280,end_year,numenor
reigns,numenor-numenor-tar-anarion-1280,status,numenor
reigns,numenor-numenor-tar-surion-1394,start_age,numenor
reigns,numenor-numenor-tar-surion-1394,start_year,numenor
reigns,numenor-numenor-tar-surion-1394,end_age,numenor
reigns,numenor-numenor-tar-surion-1394,end_year,numenor
reigns,numenor-numenor-tar-surion-1394,status,numenor
reigns,numenor-numenor-tar-telperien-1556,start_age,numenor
reigns,numenor-numenor-tar-telperien-1556,start_year,numenor
reigns,numenor-numenor-tar-telperien-1556,end_age,numenor
reigns,numenor-numenor-tar-telperien-1556,end_year,numenor
reigns,numenor-numenor-tar-telperien-1556,status,numenor
reigns,numenor-numenor-tar-minastir-1731,start_age,numenor
reigns,numenor-numenor-tar-minastir-1731,start_year,numenor
reigns,numenor-numenor-tar-minastir-1731,end_age,numenor
reigns,numenor-numenor-tar-minastir-1731,end_year,numenor
reigns,numenor-numenor-tar-minastir-1731,status,numenor
reigns,numenor-numenor-tar-ciryatan-1869,start_age,numenor
reigns,numenor-numenor-tar-ciryatan-1869,start_year,numenor
reigns,numenor-numenor-tar-ciryatan-1869,end_age,numenor
reigns,numenor-numenor-tar-ciryatan-1869,end_year,numenor
reigns,numenor-numenor-tar-ciryatan-1869,status,numenor
reigns,numenor-numenor-tar-atanamir-2029,start_age,numenor
reigns,numenor-numenor-tar-atanamir-2029,start_year,numenor
reigns,numenor-numenor-tar-atanamir-2029,end_age,numenor
reigns,numenor-numenor-tar-atanamir-2029,end_year,numenor
reigns,numenor-numenor-tar-atanamir-2029,status,numenor
reigns,numenor-numenor-tar-ancalimon-2221,start_age,numenor
reigns,numenor-numenor-tar-ancalimon-2221,start_year,numenor
reigns,numenor-numenor-tar-ancalimon-2221,end_age,numenor
reigns,numenor-numenor-tar-ancalimon-2221,end_year,numenor
reigns,numenor-numenor-tar-ancalimon-2221,status,numenor
reigns,numenor-numenor-tar-telemmaite-2386,start_age,numenor
reigns,numenor-numenor-tar-telemmaite-2386,start_year,numenor
reigns,numenor-numenor-tar-telemmaite-2386,end_age,numenor
reigns,numenor-numenor-tar-telemmaite-2386,end_year,numenor
reigns,numenor-numenor-tar-telemmaite-2386,status,numenor
reigns,numenor-numenor-tar-vanimelde-2526,start_age,numenor
reigns,numenor-numenor-tar-vanimelde-2526,start_year,numenor
reigns,numenor-numenor-tar-vanimelde-2526,end_age,numenor
reigns,numenor-numenor-tar-vanimelde-2526,end_year,numenor
reigns,numenor-numenor-tar-vanimelde-2526,status,numenor
reigns,numenor-numenor-tar-anducal-2637,start_age,numenor
reigns,numenor-numenor-tar-anducal-2637,start_year,numenor
reigns,numenor-numenor-tar-anducal-2637,end_age,numenor
reigns,numenor-numenor-tar-anducal-2637,end_year,numenor
reigns,numenor-numenor-tar-anducal-2637,status,numenor
reigns,numenor-numenor-tar-alcarin-2657,start_age,numenor
reigns,numenor-numenor-tar-alcarin-2657,start_year,numenor
reigns,numenor-numenor-tar-alcarin-2657,end_age,numenor
reigns,numenor-numenor-tar-alcarin-2657,end_year,numenor
reigns,numenor-numenor-tar-alcarin-2657,status,numenor
reigns,numenor-numenor-tar-calmacil-2737,start_age,numenor
reigns,numenor-numenor-tar-calmacil-2737,start_year,numenor
reigns,numenor-numenor-tar-calmacil-2737,end_age,numenor
reigns,numenor-numenor-tar-calmacil-2737,end_year,numenor
reigns,numenor-numenor-tar-calmacil-2737,status,numenor
reigns,numenor-numenor-tar-ardamin-2825,start_age,numenor
reigns,numenor-numenor-tar-ardamin-2825,start_year,numenor
reigns,numenor-numenor-tar-ardamin-2825,end_age,numenor
reigns,numenor-numenor-tar-ardamin-2825,end_year,numenor
reigns,numenor-numenor-tar-ardamin-2825,status,numenor
reigns,numenor-numenor-ar-adunakhor-2899,start_age,numenor
reigns,numenor-numenor-ar-adunakhor-2899,start_year,numenor
reigns,numenor-numenor-ar-adunakhor-2899,end_age,numenor
reigns,numenor-numenor-ar-adunakhor-2899,end_year,numenor
reigns,numenor-numenor-ar-adunakhor-2899,status,numenor
reigns,numenor-numenor-ar-zimrathon-2962,start_age,numenor
reigns,numenor-numenor-ar-zimrathon-2962,start_year,numenor
reigns,numenor-numenor-ar-zimrathon-2962,end_age,numenor
reigns,numenor-numenor-ar-zimrathon-2962,end_year,numenor
reigns,numenor-numenor-ar-zimrathon-2962,status,numenor
reigns,numenor-numenor-ar-sakalthor-3033,start_age,numenor
reigns,numenor-numenor-ar-sakalthor-3033,start_year,numenor
reigns,numenor-numenor-ar-sakalthor-3033,end_age,numenor
reigns,numenor-numenor-ar-sakalthor-3033,end_year,numenor
reigns,numenor-numenor-ar-sakalthor-3033,status,numenor
reigns,numenor-numenor-ar-gimilzor-3102,start_age,numenor
reigns,numenor-numenor-ar-gimilzor-3102,start_year,numenor
reigns,numenor-numenor-ar-gimilzor-3102,end_age,numenor
reigns,numenor-numenor-ar-gimilzor-3102,end_year,numenor
reigns,numenor-numenor-ar-gimilzor-3102,status,numenor
reigns,numenor-numenor-tar-palantir-3177,start_age,numenor
reigns,numenor-numenor-tar-palantir-3177,start_year,numenor
reigns,numenor-numenor-tar-palantir-3177,end_age,numenor
reigns,numenor-numenor-tar-palantir-3177,end_year,numenor
reigns,numenor-numenor-tar-palantir-3177,status,numenor
reigns,numenor-numenor-ar-pharazon-3255,start_age,numenor
reigns,numenor-numenor-ar-pharazon-3255,start_year,numenor
reigns,numenor-numenor-ar-pharazon-3255,end_age,numenor
reigns,numenor-numenor-ar-pharazon-3255,end_year,numenor
reigns,numenor-numenor-ar-pharazon-3255,status,numenor
reigns,arnor-arnor-elendil-3320,start_age,arnor
reigns,arnor-arnor-elendil-3320,start_year,arnor
reigns,arnor-arnor-elendil-3320,end_age,arnor
reigns,arnor-arnor-elendil-3320,end_year,arnor
reigns,arnor-arnor-elendil-3320,status,arnor
reigns,arnor-arnor-isildur-3441,start_age,arnor
reigns,arnor-arnor-isildur-3441,start_year,arnor
reigns,arnor-arnor-isildur-3441,end_age,arnor
reigns,arnor-arnor-isildur-3441,end_year,arnor
reigns,arnor-arnor-isildur-3441,status,arnor
reigns,arnor-arnor-valandil-2,start_age,arnor
reigns,arnor-arnor-valandil-2,start_year,arnor
reigns,arnor-arnor-valandil-2,end_age,arnor
reigns,arnor-arnor-valandil-2,end_year,arnor
reigns,arnor-arnor-valandil-2,status,arnor
reigns,arnor-arnor-eldacar-249,start_age,arnor
reigns,arnor-arnor-eldacar-249,start_year,arnor
reigns,arnor-arnor-eldacar-249,end_age,arnor
reigns,arnor-arnor-eldacar-249,end_year,arnor
reigns,arnor-arnor-eldacar-249,status,arnor
reigns,arnor-arnor-arantar-339,start_age,arnor
reigns,arnor-arnor-arantar-339,start_year,arnor
reigns,arnor-arnor-arantar-339,end_age,arnor
reigns,arnor-arnor-arantar-339,end_year,arnor
reigns,arnor-arnor-arantar-339,status,arnor
reigns,arnor-arnor-tarcil-435,start_age,arnor
reigns,arnor-arnor-tarcil-435,start_year,arnor
reigns,arnor-arnor-tarcil-435,end_age,arnor
reigns,arnor-arnor-tarcil-435,end_year,arnor
reigns,arnor-arnor-tarcil-435,status,arnor
reigns,arnor-arnor-tarondor-515,start_age,arnor
reigns,arnor-arnor-tarondor-515,start_year,arnor
reigns,arnor-arnor-tarondor-515,end_age,arnor
reigns,arnor-arnor-tarondor-515,end_year,arnor
reigns,arnor-arnor-tarondor-515,status,arnor
reigns,arnor-arnor-valandur-602,start_age,arnor
reigns,arnor-arnor-valandur-602,start_year,arnor
reigns,arnor-arnor-valandur-602,end_age,arnor
reigns,arnor-arnor-valandur-602,end_year,arnor
reigns,arnor-arnor-valandur-602,status,arnor
reigns,arnor-arnor-elendur-652,start_age,arnor
reigns,arnor-arnor-elendur-652,start_year,arnor
reigns,arnor-arnor-elendur-652,end_age,arnor
reigns,arnor-arnor-elendur-652,end_year,arnor
reigns,arnor-arnor-elendur-652,status,arnor
reigns,arnor-arnor-earendur-777,start_age,arnor
reigns,arnor-arnor-earendur-777,start_year,arnor
reigns,arnor-arnor-earendur-777,end_age,arnor
reigns,arnor-arnor-earendur-777,end_year,arnor
reigns,arnor-arnor-earendur-777,status,arnor
reigns,arthedain-arthedain-amlaith-861,start_age,arthedain
reigns,arthedain-arthedain-amlaith-861,start_year,arthedain
reigns,arthedain-arthedain-amlaith-861,end_age,arthedain
reigns,arthedain-arthedain-amlaith-861,end_year,arthedain
reigns,arthedain-arthedain-amlaith-861,status,arthedain
reigns,arthedain-arthedain-beleg-946,start_age,arthedain
reigns,arthedain-arthedain-beleg-946,start_year,arthedain
reigns,arthedain-arthedain-beleg-946,end_age,arthedain
reigns,arthedain-arthedain-beleg-946,end_year,arthedain
reigns,arthedain-arthedain-beleg-946,status,arthedain
reigns,arthedain-arthedain-mallor-1029,start_age,arthedain
reigns,arthedain-arthedain-mallor-1029,start_year,arthedain
reigns,arthedain-arthedain-mallor-1029,end_age,arthedain
reigns,arthedain-arthedain-mallor-1029,end_year,arthedain
reigns,arthedain-arthedain-mallor-1029,status,arthedain
reigns,arthedain-arthedain-celepharn-1110,start_age,arthedain
reigns,arthedain-arthedain-celepharn-1110,start_year,arthedain
reigns,arthedain-arthedain-celepharn-1110,end_age,arthedain
reigns,arthedain-arthedain-celepharn-1110,end_year,arthedain
reigns,arthedain-arthedain-celepharn-1110,status,arthedain
reigns,arthedain-arthedain-celebrindor-1191,start_age,arthedain
reigns,arthedain-arthedain-celebrindor-1191,start_year,arthedain
reigns,arthedain-arthedain-celebrindor-1191,end_age,arthedain
reigns,arthedain-arthedain-celebrindor-1191,end_year,arthedain
reigns,arthedain-arthedain-celebrindor-1191,status,arthedain
reigns,arthedain-arthedain-malvegil-1272,start_age,arthedain
reigns,arthedain-arthedain-malvegil-1272,start_year,arthedain
reigns,arthedain-arthedain-malvegil-1272,end_age,arthedain
reigns,arthedain-arthedain-malvegil-1272,end_year,arthedain
reigns,arthedain-arthedain-malvegil-1272,status,arthedain
reigns,arthedain-arthedain-argeleb-i-1349,start_age,arthedain
reigns,arthedain-arthedain-argeleb-i-1349,start_year,arthedain
reigns,arthedain-arthedain-argeleb-i-1349,end_age,arthedain
reigns,arthedain-arthedain-argeleb-i-1349,end_year,arthedain
reigns,arthedain-arthedain-argeleb-i-1349,status,arthedain
reigns,arthedain-arthedain-arveleg-i-1356,start_age,arthedain
reigns,arthedain-arthedain-arveleg-i-1356,start_year,arthedain
reigns,arthedain-arthedain-arveleg-i-1356,end_age,arthedain
reigns,arthedain-arthedain-arveleg-i-1356,end_year,arthedain
reigns,arthedain-arthedain-arveleg-i-1356,status,arthedain
reigns,arthedain-arthedain-araphor-1409,start_age,arthedain
reigns,arthedain-arthedain-araphor-1409,start_year,arthedain
reigns,arthedain-arthedain-araphor-1409,end_age,arthedain
reigns,arthedain-arthedain-araphor-1409,end_year,arthedain
reigns,arthedain-arthedain-araphor-1409,status,arthedain
reigns,arthedain-arthedain-argeleb-ii-1589,start_age,arthedain
reigns,arthedain-arthedain-argeleb-ii-1589,start_year,arthedain
reigns,arthedain-arthedain-argeleb-ii-1589,end_age,arthedain
reigns,arthedain-arthedain-argeleb-ii-1589,end_year,arthedain
reigns,arthedain-arthedain-argeleb-ii-1589,status,arthedain
reigns,arthedain-arthedain-arvegil-1670,start_age,arthedain
reigns,arthedain-arthedain-arvegil-1670,start_year,arthedain
reigns,arthedain-arthedain-arvegil-1670,end_age,arthedain
reigns,arthedain-arthedain-arvegil-1670,end_year,arthedain
reigns,arthedain-arthedain-arvegil-1670,status,arthedain
reigns,arthedain-arthedain-arveleg-ii-1743,start_age,arthedain
reigns,arthedain-arthedain-arveleg-ii-1743,start_year,arthedain
reigns,arthedain-arthedain-arveleg-ii-1743,end_age,arthedain
reigns,arthedain-arthedain-arveleg-ii-1743,end_year,arthedain
reigns,arthedain-arthedain-arveleg-ii-1743,status,arthedain
reigns,arthedain-arthedain-araval-1813,start_age,arthedain
reigns,arthedain-arthedain-araval-1813,start_year,arthedain
reigns,arthedain-arthedain-araval-1813,end_age,arthedain
reigns,arthedain-arthedain-araval-1813,end_year,arthedain
reigns,arthedain-arthedain-araval-1813,status,arthedain
reigns,arthedain-arthedain-araphant-1891,start_age,arthedain
reigns,arthedain-arthedain-araphant-1891,start_year,arthedain
reigns,arthedain-arthedain-araphant-1891,end_age,arthedain
reigns,arthedain-arthedain-araphant-1891,end_year,arthedain
reigns,arthedain-arthedain-araphant-1891,status,arthedain
reigns,arthedain-arthedain-arvedui-1964,start_age,arthedain
reigns,arthedain-arthedain-arvedui-1964,start_year,arthedain
reigns,arthedain-arthedain-arvedui-1964,end_age,arthedain
reigns,arthedain-arthedain-arvedui-1964,end_year,arthedain
reigns,arthedain-arthedain-arvedui-1964,status,arthedain
reigns,chieftains-chieftains-aranarth-1976,start_age,chieftains
reigns,chieftains-chieftains-aranarth-1976,start_year,chieftains
reigns,chieftains-chieftains-aranarth-1976,end_age,chieftains
reigns,chieftains-chieftains-aranarth-1976,end_year,chieftains
reigns,chieftains-chieftains-aranarth-1976,status,chieftains
reigns,chieftains-chieftains-arahael-2106,start_age,chieftains
reigns,chieftains-chieftains-arahael-2106,start_year,chieftains
reigns,chieftains-chieftains-arahael-2106,end_age,chieftains
reigns,chieftains-chieftains-arahael-2106,end_year,chieftains
reigns,chieftains-chieftains-arahael-2106,status,chieftains
reigns,chieftains-chieftains-aranuir-2177,start_age,chieftains
reigns,chieftains-chieftains-aranuir-2177,start_year,chieftains
reigns,chieftains-chieftains-aranuir-2177,end_age,chieftains
reigns,chieftains-chieftains-aranuir-2177,end_year,chieftains
reigns,chieftains-chieftains-aranuir-2177,status,chieftains
reigns,chieftains-chieftains-aravir-2247,start_age,chieftains
reigns,chieftains-chieftains-aravir-2247,start_year,chieftains
reigns,chieftains-chieftains-aravir-2247,end_age,chieftains
reigns,chieftains-chieftains-aravir-2247,end_year,chieftains
reigns,chieftains-chieftains-aravir-2247,status,chieftains
reigns,chieftains-chieftains-aragorn-i-2319,start_age,chieftains
reigns,chieftains-chieftains-aragorn-i-2319,start_year,chieftains
reigns,chieftains-chieftains-aragorn-i-2319,end_age,chieftains
reigns,chieftains-chieftains-aragorn-i-2319,end_year,chieftains
reigns,chieftains-chieftains-aragorn-i-2319,status,chieftains
reigns,chieftains-chieftains-araglas-2327,start_age,chieftains
reigns,chieftains-chieftains-araglas-2327,start_year,chieftains
reigns,chieftains-chieftains-araglas-2327,end_age,chieftains
reigns,chieftains-chieftains-araglas-2327,end_year,chieftains
reigns,chieftains-chieftains-araglas-2327,status,chieftains
reigns,chieftains-chieftains-arahad-i-2455,start_age,chieftains
reigns,chieftains-chieftains-arahad-i-2455,start_year,chieftains
reigns,chieftains-chieftains-arahad-i-2455,end_age,chieftains
reigns,chieftains-chieftains-arahad-i-2455,end_year,chieftains
reigns,chieftains-chieftains-arahad-i-2455,status,chieftains
reigns,chieftains-chieftains-aragost-2523,start_age,chieftains
reigns,chieftains-chieftains-aragost-2523,start_year,chieftains
reigns,chieftains-chieftains-aragost-2523,end_age,chieftains
reigns,chieftains-chieftains-aragost-2523,end_year,chieftains
reigns,chieftains-chieftains-aragost-2523,status,chieftains
reigns,chieftains-chieftains-aravorn-2588,start_age,chieftains
reigns,chieftains-chieftains-aravorn-2588,start_year,chieftains
reigns,chieftains-chieftains-aravorn-2588,end_age,chieftains
reigns,chieftains-chieftains-aravorn-2588,end_year,chieftains
reigns,chieftains-chieftains-aravorn-2588,status,chieftains
reigns,chieftains-chieftains-arahad-ii-2654,start_age,chieftains
reigns,chieftains-chieftains-arahad-ii-2654,start_year,chieftains
reigns,chieftains-chieftains-arahad-ii-2654,end_age,chieftains
reigns,chieftains-chieftains-arahad-ii-2654,end_year,chieftains
reigns,chieftains-chieftains-arahad-ii-2654,status,chieftains
reigns,chieftains-chieftains-arassuil-2719,start_age,chieftains
reigns,chieftains-chieftains-arassuil-2719,start_year,chieftains
reigns,chieftains-chieftains-arassuil-2719,end_age,chieftains
reigns,chieftains-chieftains-arassuil-2719,end_year,chieftains
reigns,chieftains-chieftains-arassuil-2719,status,chieftains
reigns,chieftains-chieftains-arathorn-i-2784,start_age,chieftains
reigns,chieftains-chieftains-arathorn-i-2784,start_year,chieftains
reigns,chieftains-chieftains-arathorn-i-2784,end_age,chieftains
reigns,chieftains-chieftains-arathorn-i-2784,end_year,chieftains
reigns,chieftains-chieftains-arathorn-i-2784,status,chieftains
reigns,chieftains-chieftains-argonui-2848,start_age,chieftains
reigns,chieftains-chieftains-argonui-2848,start_year,chieftains
reigns,chieftains-chieftains-argonui-2848,end_age,chieftains
reigns,chieftains-chieftains-argonui-2848,end_year,chieftains
reigns,chieftains-chieftains-argonui-2848,status,chieftains
reigns,chieftains-chieftains-arador-2912,start_age,chieftains
reigns,chieftains-chieftains-arador-2912,start_year,chieftains
reigns,chieftains-chieftains-arador-2912,end_age,chieftains
reigns,chieftains-chieftains-arador-2912,end_year,chieftains
reigns,chieftains-chieftains-arador-2912,status,chieftains
reigns,chieftains-chieftains-arathorn-ii-2930,start_age,chieftains
reigns,chieftains-chieftains-arathorn-ii-2930,start_year,chieftains
reigns,chieftains-chieftains-arathorn-ii-2930,end_age,chieftains
reigns,chieftains-chieftains-arathorn-ii-2930,end_year,chieftains
reigns,chieftains-chieftains-arathorn-ii-2930,status,chieftains
reigns,chieftains-chieftains-aragorn-ii-2933,start_age,chieftains
reigns,chieftains-chieftains-aragorn-ii-2933,start_year,chieftains
reigns,chieftains-chieftains-aragorn-ii-2933,end_age,chieftains
reigns,chieftains-chieftains-aragorn-ii-2933,end_year,chieftains
reigns,chieftains-chieftains-aragorn-ii-2933,status,chieftains
reigns,gondor-arnor-elendil-3320,start_age,gondor
reigns,gondor-arnor-elendil-3320,start_year,gondor
reigns,gondor-arnor-elendil-3320,end_age,gondor
reigns,gondor-arnor-elendil-3320,end_year,gondor
reigns,gondor-arnor-elendil-3320,status,gondor
reigns,gondor-gondor-anarion-3320,start_age,gondor
reigns,gondor-gondor-anarion-3320,start_year,gondor
reigns,gondor-gondor-anarion-3320,end_age,gondor
reigns,gondor-gondor-anarion-3320,end_year,gondor
reigns,gondor-gondor-anarion-3320,status,gondor
reigns,gondor-arnor-isildur-3320,start_age,gondor
reigns,gondor-arnor-isildur-3320,start_year,gondor
reigns,gondor-arnor-isildur-3320,end_age,gondor
reigns,gondor-arnor-isildur-3320,end_year,gondor
reigns,gondor-arnor-isildur-3320,status,gondor
reigns,gondor-gondor-meneldil-2,start_age,gondor
reigns,gondor-gondor-meneldil-2,start_year,gondor
reigns,gondor-gondor-meneldil-2,end_age,gondor
reigns,gondor-gondor-meneldil-2,end_year,gondor
reigns,gondor-gondor-meneldil-2,status,gondor
reigns,gondor-gondor-cemendur-158,start_age,gondor
reigns,gondor-gondor-cemendur-158,start_year,gondor
reigns,gondor-gondor-cemendur-158,end_age,gondor
reigns,gondor-gondor-cemendur-158,end_year,gondor
reigns,gondor-gondor-cemendur-158,status,gondor
reigns,gondor-gondor-earendil-238,start_age,gondor
reigns,gondor-gondor-earendil-238,start_year,gondor
reigns,gondor-gondor-earendil-238,end_age,gondor
reigns,gondor-gondor-earendil-238,end_year,gondor
reigns,gondor-gondor-earendil-238,status,gondor
reigns,gondor-gondor-anardil-324,start_age,gondor
reigns,gondor-gondor-anardil-324,start_year,gondor
reigns,gondor-gondor-anardil-324,end_age,gondor
reigns,gondor-gondor-anardil-324,end_year,gondor
reigns,gondor-gondor-anardil-324,status,gondor
reigns,gondor-gondor-ostoher-411,start_age,gondor
reigns,gondor-gondor-ostoher-411,start_year,gondor
reigns,gondor-gondor-ostoher-411,end_age,gondor
reigns,gondor-gondor-ostoher-411,end_year,gondor
reigns,gondor-gondor-ostoher-411,status,gondor
reigns,gondor-gondor-romendacil-i-492,start_age,gondor
reigns,gondor-gondor-romendacil-i-492,start_year,gondor
reigns,gondor-gondor-romendacil-i-492,end_age,gondor
reigns,gondor-gondor-romendacil-i-492,end_year,gondor
reigns,gondor-gondor-romendacil-i-492,status,gondor
reigns,gondor-gondor-turambar-541,start_age,gondor
reigns,gondor-gondor-turambar-541,start_year,gondor
reigns,gondor-gondor-turambar-541,end_age,gondor
reigns,gondor-gondor-turambar-541,end_year,gondor
reigns,gondor-gondor-turambar-541,status,gondor
reigns,gondor-gondor-atanatar-i-667,start_age,gondor
reigns,gondor-gondor-atanatar-i-667,start_year,gondor
reigns,gondor-gondor-atanatar-i-667,end_age,gondor
reigns,gondor-gondor-atanatar-i-667,end_year,gondor
reigns,gondor-gondor-atanatar-i-667,status,gondor
reigns,gondor-gondor-siriondil-748,start_age,gondor
reigns,gondor-gondor-siriondil-748,start_year,gondor
reigns,gondor-gondor-siriondil-748,end_age,gondor
reigns,gondor-gondor-siriondil-748,end_year,gondor
reigns,gondor-gondor-siriondil-748,status,gondor
reigns,gondor-gondor-tarannon-falastur-830,start_age,gondor
reigns,gondor-gondor-tarannon-falastur-830,start_year,gondor
reigns,gondor-gondor-tarannon-falastur-830,end_age,gondor
reigns,gondor-gondor-tarannon-falastur-830,end_year,gondor
reigns,gondor-gondor-tarannon-falastur-830,status,gondor
reigns,gondor-gondor-earnil-i-913,start_age,gondor
reigns,gondor-gondor-earnil-i-913,start_year,gondor
reigns,gondor-gondor-earnil-i-913,end_age,gondor
reigns,gondor-gondor-earnil-i-913,end_year,gondor
reigns,gondor-gondor-earnil-i-913,status,gondor
reigns,gondor-gondor-ciryandil-936,start_age,gondor
reigns,gondor-gondor-ciryandil-936,start_year,gondor
reigns,gondor-gondor-ciryandil-936,end_age,gondor
reigns,gondor-gondor-ciryandil-936,end_year,gondor
reigns,gondor-gondor-ciryandil-936,status,gondor
reigns,gondor-gondor-hyarmendacil-i-1015,start_age,gondor
reigns,gondor-gondor-hyarmendacil-i-1015,start_year,gondor
reigns,gondor-gondor-hyarmendacil-i-1015,end_age,gondor
reigns,gondor-gondor-hyarmendacil-i-1015,end_year,gondor
reigns,gondor-gondor-hyarmendacil-i-1015,status,gondor
reigns,gondor-gondor-atanatar-ii-alcarin-1149,start_age,gondor
reigns,gondor-gondor-atanatar-ii-alcarin-1149,start_year,gondor
reigns,gondor-gondor-atanatar-ii-alcarin-1149,end_age,gondor
reigns,gondor-gondor-atanatar-ii-alcarin-1149,end_year,gondor
reigns,gondor-gondor-atanatar-ii-alcarin-1149,status,gondor
reigns,gondor-gondor-narmacil-i-1226,start_age,gondor
reigns,gondor-gondor-narmacil-i-1226,start_year,gondor
reigns,gondor-gondor-narmacil-i-1226,end_age,gondor
reigns,gondor-gondor-narmacil-i-1226,end_year,gondor
reigns,gondor-gondor-narmacil-i-1226,status,gondor
reigns,gondor-gondor-calmacil-1294,start_age,gondor
reigns,gondor-gondor-calmacil-1294,start_year,gondor
reigns,gondor-gondor-calmacil-1294,end_age,gondor
reigns,gondor-gondor-calmacil-1294,end_year,gondor
reigns,gondor-gondor-calmacil-1294,status,gondor
reigns,gondor-gondor-romendacil-ii-1304,start_age,gondor
reigns,gondor-gondor-romendacil-ii-1304,start_year,gondor
reigns,gondor-gondor-romendacil-ii-1304,end_age,gondor
reigns,gondor-gondor-romendacil-ii-1304,end_year,gondor
reigns,gondor-gondor-romendacil-ii-1304,status,gondor
reigns,gondor-gondor-valacar-1366,start_age,gondor
reigns,gondor-gondor-valacar-1366,start_year,gondor
reigns,gondor-gondor-valacar-1366,end_age,gondor
reigns,gondor-gondor-valacar-1366,end_year,gondor
reigns,gondor-gondor-valacar-1366,status,gondor
reigns,gondor-gondor-eldacar-1432,start_age,gondor
reigns,gondor-gondor-eldacar-1432,start_year,gondor
reigns,gondor-gondor-eldacar-1432,end_age,gondor
reigns,gondor-gondor-eldacar-1432,end_year,gondor
reigns,gondor-gondor-eldacar-1432,status,gondor
reigns,gondor-gondor-castamir-1437,start_age,gondor
reigns,gondor-gondor-castamir-1437,start_year,gondor
reigns,gondor-gondor-castamir-1437,end_age,gondor
reigns,gondor-gondor-castamir-1437,end_year,gondor
reigns,gondor-gondor-castamir-1437,status,gondor
reigns,gondor-gondor-eldacar-1447,start_age,gondor
reigns,gondor-gondor-eldacar-1447,start_year,gondor
reigns,gondor-gondor-eldacar-1447,end_age,gondor
reigns,gondor-gondor-eldacar-1447,end_year,gondor
reigns,gondor-gondor-eldacar-1447,status,gondor
reigns,gondor-gondor-aldamir-1490,start_age,gondor
reigns,gondor-gondor-aldamir-1490,start_year,gondor
reigns,gondor-gondor-aldamir-1490,end_age,gondor
reigns,gondor-gondor-aldamir-1490,end_year,gondor
reigns,gondor-gondor-aldamir-1490,status,gondor
reigns,gondor-gondor-hyarmendacil-ii-1540,start_age,gondor
reigns,gondor-gondor-hyarmendacil-ii-1540,start_year,gondor
reigns,gondor-gondor-hyarmendacil-ii-1540,end_age,gondor
reigns,gondor-gondor-hyarmendacil-ii-1540,end_year,gondor
reigns,gondor-gondor-hyarmendacil-ii-1540,status,gondor
reigns,gondor-gondor-minardil-1621,start_age,gondor
reigns,gondor-gondor-minardil-1621,start_year,gondor
reigns,gondor-gondor-minardil-1621,end_age,gondor
reigns,gondor-gondor-minardil-1621,end_year,gondor
reigns,gondor-gondor-minardil-1621,status,gondor
reigns,gondor-gondor-telemnar-1634,start_age,gondor
reigns,gondor-gondor-telemnar-1634,start_year,gondor
reigns,gondor-gondor-telemnar-1634,end_age,gondor
reigns,gondor-gondor-telemnar-1634,end_year,gondor
reigns,gondor-gondor-telemnar-1634,status,gondor
reigns,gondor-gondor-tarondor-1636,start_age,gondor
reigns,gondor-gondor-tarondor-1636,start_year,gondor
reigns,gondor-gondor-tarondor-1636,end_age,gondor
reigns,gondor-gondor-tarondor-1636,end_year,gondor
reigns,gondor-gondor-tarondor-1636,status,gondor
reigns,gondor-gondor-telumehtar-umbardacil-1798,start_age,gondor
reigns,gondor-gondor-telumehtar-umbardacil-1798,start_year,gondor
reigns,gondor-gondor-telumehtar-umbardacil-1798,end_age,gondor
reigns,gondor-gondor-telumehtar-umbardacil-1798,end_year,gondor
reigns,gondor-gondor-telumehtar-umbardacil-1798,status,gondor
reigns,gondor-gondor-narmacil-ii-1850,start_age,gondor
reigns,gondor-gondor-narmacil-ii-1850,start_year,gondor
reigns,gondor-gondor-narmacil-ii-1850,end_age,gondor
reigns,gondor-gondor-narmacil-ii-1850,end_year,gondor
reigns,gondor-gondor-narmacil-ii-1850,status,gondor
reigns,gondor-gondor-calimehtar-1856,start_age,gondor
reigns,gondor-gondor-calimehtar-1856,start_year,gondor
reigns,gondor-gondor-calimehtar-1856,end_age,gondor
reigns,gondor-gondor-calimehtar-1856,end_year,gondor
reigns,gondor-gondor-calimehtar-1856,status,gondor
reigns,gondor-gondor-ondoher-1936,start_age,gondor
reigns,gondor-gondor-ondoher-1936,start_year,gondor
reigns,gondor-gondor-ondoher-1936,end_age,gondor
reigns,gondor-gondor-ondoher-1936,end_year,gondor
reigns,gondor-gondor-ondoher-1936,status,gondor
reigns,gondor-gondor-earnil-ii-1945,start_age,gondor
reigns,gondor-gondor-earnil-ii-1945,start_year,gondor
reigns,gondor-gondor-earnil-ii-1945,end_age,gondor
reigns,gondor-gondor-earnil-ii-1945,end_year,gondor
reigns,gondor-gondor-earnil-ii-1945,status,gondor
reigns,gondor-gondor-earnur-2043,start_age,gondor
reigns,gondor-gondor-earnur-2043,start_year,gondor
reigns,gondor-gondor-earnur-2043,end_age,gondor
reigns,gondor-gondor-earnur-2043,end_year,gondor
reigns,gondor-gondor-earnur-2043,status,gondor
reigns,stewards-stewards-mardil-voronwe-2050,start_age,stewards
reigns,stewards-stewards-mardil-voronwe-2050,start_year,stewards
reigns,stewards-stewards-mardil-voronwe-2050,end_age,stewards
reigns,stewards-stewards-mardil-voronwe-2050,end_year,stewards
reigns,stewards-stewards-mardil-voronwe-2050,status,stewards
reigns,stewards-stewards-eradan-2080,start_age,stewards
reigns,stewards-stewards-eradan-2080,start_year,stewards
reigns,stewards-stewards-eradan-2080,end_age,stewards
reigns,stewards-stewards-eradan-2080,end_year,stewards
reigns,stewards-stewards-eradan-2080,status,stewards
reigns,stewards-stewards-herion-2116,start_age,stewards
reigns,stewards-stewards-herion-2116,start_year,stewards
reigns,stewards-stewards-herion-2116,end_age,stewards
reigns,stewards-stewards-herion-2116,end_year,stewards
reigns,stewards-stewards-herion-2116,status,stewards
reigns,stewards-stewards-belegorn-2148,start_age,stewards
reigns,stewards-stewards-belegorn-2148,start_year,stewards
reigns,stewards-stewards-belegorn-2148,end_age,stewards
reigns,stewards-stewards-belegorn-2148,end_year,stewards
reigns,stewards-stewards-belegorn-2148,status,stewards
reigns,stewards-stewards-hurin-i-2204,start_age,stewards
reigns,stewards-stewards-hurin-i-2204,start_year,stewards
reigns,stewards-stewards-hurin-i-2204,end_age,stewards
reigns,stewards-stewards-hurin-i-2204,end_year,stewards
reigns,stewards-stewards-hurin-i-2204,status,stewards
reigns,stewards-stewards-turin-i-2244,start_age,stewards
reigns,stewards-stewards-turin-i-2244,start_year,stewards
reigns,stewards-stewards-turin-i-2244,end_age,stewards
reigns,stewards-stewards-turin-i-2244,end_year,stewards
reigns,stewards-stewards-turin-i-2244,status,stewards
reigns,stewards-stewards-hador-2278,start_age,stewards
reigns,stewards-stewards-hador-2278,start_year,stewards
reigns,stewards-stewards-hador-2278,end_age,stewards
reigns,stewards-stewards-hador-2278,end_year,stewards
reigns,stewards-stewards-hador-2278,status,stewards
reigns,stewards-stewards-barahir-2395,start_age,stewards
reigns,stewards-stewards-barahir-2395,start_year,stewards
reigns,stewards-stewards-barahir-2395,end_age,stewards
reigns,stewards-stewards-barahir-2395,end_year,stewards
reigns,stewards-stewards-barahir-2395,status,stewards
reigns,stewards-stewards-dior-2412,start_age,stewards
reigns,stewards-stewards-dior-2412,start_year,stewards
reigns,stewards-stewards-dior-2412,end_age,stewards
reigns,stewards-stewards-dior-2412,end_year,stewards
reigns,stewards-stewards-dior-2412,status,stewards
reigns,stewards-stewards-denethor-i-2435,start_age,stewards
reigns,stewards-stewards-denethor-i-2435,start_year,stewards
reigns,stewards-stewards-denethor-i-2435,end_age,stewards
reigns,stewards-stewards-denethor-i-2435,end_year,stewards
reigns,stewards-stewards-denethor-i-2435,status,stewards
reigns,stewards-stewards-boromir-2477,start_age,stewards
reigns,stewards-stewards-boromir-2477,start_year,stewards
reigns,stewards-stewards-boromir-2477,end_age,stewards
reigns,stewards-stewards-boromir-2477,end_year,stewards
reigns,stewards-stewards-boromir-2477,status,stewards
reigns,stewards-stewards-cirion-2489,start_age,stewards
reigns,stewards-stewards-cirion-2489,start_year,stewards
reigns,stewards-stewards-cirion-2489,end_age,stewards
reigns,stewards-stewards-cirion-2489,end_year,stewards
reigns,stewards-stewards-cirion-2489,status,stewards
reigns,stewards-stewards-hallas-2567,start_age,stewards
reigns,stewards-stewards-hallas-2567,start_year,stewards
reigns,stewards-stewards-hallas-2567,end_age,stewards
reigns,stewards-stewards-hallas-2567,end_year,stewards
reigns,stewards-stewards-hallas-2567,status,stewards
reigns,stewards-stewards-hurin-ii-2605,start_age,stewards
reigns,stewards-stewards-hurin-ii-2605,start_year,stewards
reigns,stewards-stewards-hurin-ii-2605,end_age,stewards
reigns,stewards-stewards-hurin-ii-2605,end_year,stewards
reigns,stewards-stewards-hurin-ii-2605,status,stewards
reigns,stewards-stewards-belecthor-i-2628,start_age,stewards
reigns,stewards-stewards-belecthor-i-2628,start_year,stewards
reigns,stewards-stewards-belecthor-i-2628,end_age,stewards
reigns,stewards-stewards-belecthor-i-2628,end_year,stewards
reigns,stewards-stewards-belecthor-i-2628,status,stewards
reigns,stewards-stewards-orodreth-2655,start_age,stewards
reigns,stewards-stewards-orodreth-2655,start_year,stewards
reigns,stewards-stewards-orodreth-2655,end_age,stewards
reigns,stewards-stewards-orodreth-2655,end_year,stewards
reigns,stewards-stewards-orodreth-2655,status,stewards
reigns,stewards-stewards-ecthelion-i-2685,start_age,stewards
reigns,stewards-stewards-ecthelion-i-2685,start_year,stewards
reigns,stewards-stewards-ecthelion-i-2685,end_age,stewards
reigns,stewards-stewards-ecthelion-i-2685,end_year,stewards
reigns,stewards-stewards-ecthelion-i-2685,status,stewards
reigns,stewards-stewards-egalmoth-2698,start_age,stewards
reigns,stewards-stewards-egalmoth-2698,start_year,stewards
reigns,stewards-stewards-egalmoth-2698,end_age,stewards
reigns,stewards-stewards-egalmoth-2698,end_year,stewards
reigns,stewards-stewards-egalmoth-2698,status,stewards
reigns,stewards-stewards-beren-2743,start_age,stewards
reigns,stewards-stewards-beren-2743,start_year,stewards
reigns,stewards-stewards-beren-2743,end_age,stewards
reigns,stewards-stewards-beren-2743,end_year,stewards
reigns,stewards-stewards-beren-2743,status,stewards
reigns,stewards-stewards-beregond-2763,start_age,stewards
reigns,stewards-stewards-beregond-2763,start_year,stewards
reigns,stewards-stewards-beregond-2763,end_age,stewards
reigns,stewards-stewards-beregond-2763,end_year,stewards
reigns,stewards-stewards-beregond-2763,status,stewards
reigns,stewards-stewards-belecthor-ii-2811,start_age,stewards
reigns,stewards-stewards-belecthor-ii-2811,start_year,stewards
reigns,stewards-stewards-belecthor-ii-2811,end_age,stewards
reigns,stewards-stewards-belecthor-ii-2811,end_year,stewards
reigns,stewards-stewards-belecthor-ii-2811,status,stewards
reigns,stewards-stewards-thorondir-2872,start_age,stewards
reigns,stewards-stewards-thorondir-2872,start_year,stewards
reigns,stewards-stewards-thorondir-2872,end_age,stewards
reigns,stewards-stewards-thorondir-2872,end_year,stewards
reigns,stewards-stewards-thorondir-2872,status,stewards
reigns,stewards-stewards-turin-ii-2882,start_age,stewards
reigns,stewards-stewards-turin-ii-2882,start_year,stewards
reigns,stewards-stewards-turin-ii-2882,end_age,stewards
reigns,stewards-stewards-turin-ii-2882,end_year,stewards
reigns,stewards-stewards-turin-ii-2882,status,stewards
reigns,stewards-stewards-turgon-2914,start_age,stewards
reigns,stewards-stewards-turgon-2914,start_year,stewards
reigns,stewards-stewards-turgon-2914,end_age,stewards
reigns,stewards-stewards-turgon-2914,end_year,stewards
reigns,stewards-stewards-turgon-2914,status,stewards
reigns,stewards-stewards-ecthelion-ii-2953,start_age,stewards
reigns,stewards-stewards-ecthelion-ii-2953,start_year,stewards
reigns,stewards-stewards-ecthelion-ii-2953,end_age,stewards
reigns,stewards-stewards-ecthelion-ii-2953,end_year,stewards
reigns,stewards-stewards-ecthelion-ii-2953,status,stewards
reigns,stewards-stewards-denethor-ii-2984,start_age,stewards
reigns,stewards-stewards-denethor-ii-2984,start_year,stewards
reigns,stewards-stewards-denethor-ii-2984,end_age,stewards
reigns,stewards-stewards-denethor-ii-2984,end_year,stewards
reigns,stewards-stewards-denethor-ii-2984,status,stewards
reigns,reunited-chieftains-aragorn-ii-3019,start_age,reunited
reigns,reunited-chieftains-aragorn-ii-3019,start_year,reunited
reigns,reunited-chieftains-aragorn-ii-3019,end_age,reunited
reigns,reunited-chieftains-aragorn-ii-3019,end_year,reunited
reigns,reunited-chieftains-aragorn-ii-3019,status,reunited
persons,numenor-elros-tar-minyatur,birth_age,elros-life
persons,numenor-elros-tar-minyatur,birth_year,elros-life
persons,numenor-elros-tar-minyatur,death_age,elros-life
persons,numenor-elros-tar-minyatur,death_year,elros-life
persons,numenor-elros-tar-minyatur,reported_lifespan,elros-life
persons,numenor-elros-tar-minyatur,life_note,elros-life
persons,numenor-elros-tar-minyatur,last_known_age,elros-life
persons,numenor-elros-tar-minyatur,last_known_year,elros-life
persons,numenor-elros-tar-minyatur,review_status,elros-life
persons,numenor-vardamir-nolimon,birth_age,family-numenor
persons,numenor-vardamir-nolimon,birth_year,family-numenor
persons,numenor-vardamir-nolimon,death_age,family-numenor
persons,numenor-vardamir-nolimon,death_year,family-numenor
persons,numenor-vardamir-nolimon,reported_lifespan,family-numenor
persons,numenor-vardamir-nolimon,life_note,family-numenor
persons,numenor-vardamir-nolimon,last_known_age,family-numenor
persons,numenor-vardamir-nolimon,last_known_year,family-numenor
persons,numenor-vardamir-nolimon,review_status,family-numenor
persons,numenor-tar-amandil,birth_age,family-numenor
persons,numenor-tar-amandil,birth_year,family-numenor
persons,numenor-tar-amandil,death_age,family-numenor
persons,numenor-tar-amandil,death_year,family-numenor
persons,numenor-tar-amandil,reported_lifespan,family-numenor
persons,numenor-tar-amandil,life_note,family-numenor
persons,numenor-tar-amandil,last_known_age,family-numenor
persons,numenor-tar-amandil,last_known_year,family-numenor
persons,numenor-tar-amandil,review_status,family-numenor
persons,numenor-tar-elendil,birth_age,family-numenor
persons,numenor-tar-elendil,birth_year,family-numenor
persons,numenor-tar-elendil,death_age,family-numenor
persons,numenor-tar-elendil,death_year,family-numenor
persons,numenor-tar-elendil,reported_lifespan,family-numenor
persons,numenor-tar-elendil,life_note,family-numenor
persons,numenor-tar-elendil,last_known_age,family-numenor
persons,numenor-tar-elendil,last_known_year,family-numenor
persons,numenor-tar-elendil,review_status,family-numenor
persons,numenor-tar-meneldur,birth_age,family-numenor
persons,numenor-tar-meneldur,birth_year,family-numenor
persons,numenor-tar-meneldur,death_age,family-numenor
persons,numenor-tar-meneldur,death_year,family-numenor
persons,numenor-tar-meneldur,reported_lifespan,family-numenor
persons,numenor-tar-meneldur,life_note,family-numenor
persons,numenor-tar-meneldur,last_known_age,family-numenor
persons,numenor-tar-meneldur,last_known_year,family-numenor
persons,numenor-tar-meneldur,review_status,family-numenor
persons,numenor-tar-aldarion,birth_age,family-numenor
persons,numenor-tar-aldarion,birth_year,family-numenor
persons,numenor-tar-aldarion,death_age,family-numenor
persons,numenor-tar-aldarion,death_year,family-numenor
persons,numenor-tar-aldarion,reported_lifespan,family-numenor
persons,numenor-tar-aldarion,life_note,family-numenor
persons,numenor-tar-aldarion,last_known_age,family-numenor
persons,numenor-tar-aldarion,last_known_year,family-numenor
persons,numenor-tar-aldarion,review_status,family-numenor
persons,numenor-tar-ancalime,birth_age,family-numenor
persons,numenor-tar-ancalime,birth_year,family-numenor
persons,numenor-tar-ancalime,death_age,family-numenor
persons,numenor-tar-ancalime,death_year,family-numenor
persons,numenor-tar-ancalime,reported_lifespan,family-numenor
persons,numenor-tar-ancalime,life_note,family-numenor
persons,numenor-tar-ancalime,last_known_age,family-numenor
persons,numenor-tar-ancalime,last_known_year,family-numenor
persons,numenor-tar-ancalime,review_status,family-numenor
persons,numenor-tar-anarion,birth_age,family-numenor
persons,numenor-tar-anarion,birth_year,family-numenor
persons,numenor-tar-anarion,death_age,family-numenor
persons,numenor-tar-anarion,death_year,family-numenor
persons,numenor-tar-anarion,reported_lifespan,family-numenor
persons,numenor-tar-anarion,life_note,family-numenor
persons,numenor-tar-anarion,last_known_age,family-numenor
persons,numenor-tar-anarion,last_known_year,family-numenor
persons,numenor-tar-anarion,review_status,family-numenor
persons,numenor-tar-surion,birth_age,family-numenor
persons,numenor-tar-surion,birth_year,family-numenor
persons,numenor-tar-surion,death_age,family-numenor
persons,numenor-tar-surion,death_year,family-numenor
persons,numenor-tar-surion,reported_lifespan,family-numenor
persons,numenor-tar-surion,life_note,family-numenor
persons,numenor-tar-surion,last_known_age,family-numenor
persons,numenor-tar-surion,last_known_year,family-numenor
persons,numenor-tar-surion,review_status,family-numenor
persons,numenor-tar-telperien,birth_age,family-numenor
persons,numenor-tar-telperien,birth_year,family-numenor
persons,numenor-tar-telperien,death_age,family-numenor
persons,numenor-tar-telperien,death_year,family-numenor
persons,numenor-tar-telperien,reported_lifespan,family-numenor
persons,numenor-tar-telperien,life_note,family-numenor
persons,numenor-tar-telperien,last_known_age,family-numenor
persons,numenor-tar-telperien,last_known_year,family-numenor
persons,numenor-tar-telperien,review_status,family-numenor
persons,numenor-tar-minastir,birth_age,family-numenor
persons,numenor-tar-minastir,birth_year,family-numenor
persons,numenor-tar-minastir,death_age,family-numenor
persons,numenor-tar-minastir,death_year,family-numenor
persons,numenor-tar-minastir,reported_lifespan,family-numenor
persons,numenor-tar-minastir,life_note,family-numenor
persons,numenor-tar-minastir,last_known_age,family-numenor
persons,numenor-tar-minastir,last_known_year,family-numenor
persons,numenor-tar-minastir,review_status,family-numenor
persons,numenor-tar-ciryatan,birth_age,family-numenor
persons,numenor-tar-ciryatan,birth_year,family-numenor
persons,numenor-tar-ciryatan,death_age,family-numenor
persons,numenor-tar-ciryatan,death_year,family-numenor
persons,numenor-tar-ciryatan,reported_lifespan,family-numenor
persons,numenor-tar-ciryatan,life_note,family-numenor
persons,numenor-tar-ciryatan,last_known_age,family-numenor
persons,numenor-tar-ciryatan,last_known_year,family-numenor
persons,numenor-tar-ciryatan,review_status,family-numenor
persons,numenor-tar-atanamir,birth_age,family-numenor
persons,numenor-tar-atanamir,birth_year,family-numenor
persons,numenor-tar-atanamir,death_age,family-numenor
persons,numenor-tar-atanamir,death_year,family-numenor
persons,numenor-tar-atanamir,reported_lifespan,family-numenor
persons,numenor-tar-atanamir,life_note,family-numenor
persons,numenor-tar-atanamir,last_known_age,family-numenor
persons,numenor-tar-atanamir,last_known_year,family-numenor
persons,numenor-tar-atanamir,review_status,family-numenor
persons,numenor-tar-ancalimon,birth_age,family-numenor
persons,numenor-tar-ancalimon,birth_year,family-numenor
persons,numenor-tar-ancalimon,death_age,family-numenor
persons,numenor-tar-ancalimon,death_year,family-numenor
persons,numenor-tar-ancalimon,reported_lifespan,family-numenor
persons,numenor-tar-ancalimon,life_note,family-numenor
persons,numenor-tar-ancalimon,last_known_age,family-numenor
persons,numenor-tar-ancalimon,last_known_year,family-numenor
persons,numenor-tar-ancalimon,review_status,family-numenor
persons,numenor-tar-telemmaite,birth_age,family-numenor
persons,numenor-tar-telemmaite,birth_year,family-numenor
persons,numenor-tar-telemmaite,death_age,family-numenor
persons,numenor-tar-telemmaite,death_year,family-numenor
persons,numenor-tar-telemmaite,reported_lifespan,family-numenor
persons,numenor-tar-telemmaite,life_note,family-numenor
persons,numenor-tar-telemmaite,last_known_age,family-numenor
persons,numenor-tar-telemmaite,last_known_year,family-numenor
persons,numenor-tar-telemmaite,review_status,family-numenor
persons,numenor-tar-vanimelde,birth_age,family-numenor
persons,numenor-tar-vanimelde,birth_year,family-numenor
persons,numenor-tar-vanimelde,death_age,family-numenor
persons,numenor-tar-vanimelde,death_year,family-numenor
persons,numenor-tar-vanimelde,reported_lifespan,family-numenor
persons,numenor-tar-vanimelde,life_note,family-numenor
persons,numenor-tar-vanimelde,last_known_age,family-numenor
persons,numenor-tar-vanimelde,last_known_year,family-numenor
persons,numenor-tar-vanimelde,review_status,family-numenor
persons,numenor-tar-anducal,birth_age,family-numenor
persons,numenor-tar-anducal,birth_year,family-numenor
persons,numenor-tar-anducal,death_age,family-numenor
persons,numenor-tar-anducal,death_year,family-numenor
persons,numenor-tar-anducal,reported_lifespan,family-numenor
persons,numenor-tar-anducal,life_note,family-numenor
persons,numenor-tar-anducal,last_known_age,family-numenor
persons,numenor-tar-anducal,last_known_year,family-numenor
persons,numenor-tar-anducal,review_status,family-numenor
persons,numenor-tar-alcarin,birth_age,family-numenor
persons,numenor-tar-alcarin,birth_year,family-numenor
persons,numenor-tar-alcarin,death_age,family-numenor
persons,numenor-tar-alcarin,death_year,family-numenor
persons,numenor-tar-alcarin,reported_lifespan,family-numenor
persons,numenor-tar-alcarin,life_note,family-numenor
persons,numenor-tar-alcarin,last_known_age,family-numenor
persons,numenor-tar-alcarin,last_known_year,family-numenor
persons,numenor-tar-alcarin,review_status,family-numenor
persons,numenor-tar-calmacil,birth_age,family-numenor
persons,numenor-tar-calmacil,birth_year,family-numenor
persons,numenor-tar-calmacil,death_age,family-numenor
persons,numenor-tar-calmacil,death_year,family-numenor
persons,numenor-tar-calmacil,reported_lifespan,family-numenor
persons,numenor-tar-calmacil,life_note,family-numenor
persons,numenor-tar-calmacil,last_known_age,family-numenor
persons,numenor-tar-calmacil,last_known_year,family-numenor
persons,numenor-tar-calmacil,review_status,family-numenor
persons,numenor-tar-ardamin,birth_age,family-numenor
persons,numenor-tar-ardamin,birth_year,family-numenor
persons,numenor-tar-ardamin,death_age,family-numenor
persons,numenor-tar-ardamin,death_year,family-numenor
persons,numenor-tar-ardamin,reported_lifespan,family-numenor
persons,numenor-tar-ardamin,life_note,family-numenor
persons,numenor-tar-ardamin,last_known_age,family-numenor
persons,numenor-tar-ardamin,last_known_year,family-numenor
persons,numenor-tar-ardamin,review_status,family-numenor
persons,numenor-ar-adunakhor,birth_age,family-numenor
persons,numenor-ar-adunakhor,birth_year,family-numenor
persons,numenor-ar-adunakhor,death_age,family-numenor
persons,numenor-ar-adunakhor,death_year,family-numenor
persons,numenor-ar-adunakhor,reported_lifespan,family-numenor
persons,numenor-ar-adunakhor,life_note,family-numenor
persons,numenor-ar-adunakhor,last_known_age,family-numenor
persons,numenor-ar-adunakhor,last_known_year,family-numenor
persons,numenor-ar-adunakhor,review_status,family-numenor
persons,numenor-ar-zimrathon,birth_age,family-numenor
persons,numenor-ar-zimrathon,birth_year,family-numenor
persons,numenor-ar-zimrathon,death_age,family-numenor
persons,numenor-ar-zimrathon,death_year,family-numenor
persons,numenor-ar-zimrathon,reported_lifespan,family-numenor
persons,numenor-ar-zimrathon,life_note,family-numenor
persons,numenor-ar-zimrathon,last_known_age,family-numenor
persons,numenor-ar-zimrathon,last_known_year,family-numenor
persons,numenor-ar-zimrathon,review_status,family-numenor
persons,numenor-ar-sakalthor,birth_age,family-numenor
persons,numenor-ar-sakalthor,birth_year,family-numenor
persons,numenor-ar-sakalthor,death_age,family-numenor
persons,numenor-ar-sakalthor,death_year,family-numenor
persons,numenor-ar-sakalthor,reported_lifespan,family-numenor
persons,numenor-ar-sakalthor,life_note,family-numenor
persons,numenor-ar-sakalthor,last_known_age,family-numenor
persons,numenor-ar-sakalthor,last_known_year,family-numenor
persons,numenor-ar-sakalthor,review_status,family-numenor
persons,numenor-ar-gimilzor,birth_age,family-numenor
persons,numenor-ar-gimilzor,birth_year,family-numenor
persons,numenor-ar-gimilzor,death_age,family-numenor
persons,numenor-ar-gimilzor,death_year,family-numenor
persons,numenor-ar-gimilzor,reported_lifespan,family-numenor
persons,numenor-ar-gimilzor,life_note,family-numenor
persons,numenor-ar-gimilzor,last_known_age,family-numenor
persons,numenor-ar-gimilzor,last_known_year,family-numenor
persons,numenor-ar-gimilzor,review_status,family-numenor
persons,numenor-tar-palantir,birth_age,family-numenor
persons,numenor-tar-palantir,birth_year,family-numenor
persons,numenor-tar-palantir,death_age,family-numenor
persons,numenor-tar-palantir,death_year,family-numenor
persons,numenor-tar-palantir,reported_lifespan,family-numenor
persons,numenor-tar-palantir,life_note,family-numenor
persons,numenor-tar-palantir,last_known_age,family-numenor
persons,numenor-tar-palantir,last_known_year,family-numenor
persons,numenor-tar-palantir,review_status,family-numenor
persons,numenor-ar-pharazon,birth_age,pharazon-fate
persons,numenor-ar-pharazon,birth_year,pharazon-fate
persons,numenor-ar-pharazon,death_age,pharazon-fate
persons,numenor-ar-pharazon,death_year,pharazon-fate
persons,numenor-ar-pharazon,reported_lifespan,pharazon-fate
persons,numenor-ar-pharazon,life_note,pharazon-fate
persons,numenor-ar-pharazon,last_known_age,pharazon-fate
persons,numenor-ar-pharazon,last_known_year,pharazon-fate
persons,numenor-ar-pharazon,review_status,pharazon-fate
persons,arnor-elendil,birth_age,family-north
persons,arnor-elendil,birth_year,family-north
persons,arnor-elendil,death_age,family-north
persons,arnor-elendil,death_year,family-north
persons,arnor-elendil,reported_lifespan,family-north
persons,arnor-elendil,life_note,family-north
persons,arnor-elendil,last_known_age,family-north
persons,arnor-elendil,last_known_year,family-north
persons,arnor-elendil,review_status,family-north
persons,arnor-isildur,birth_age,family-north
persons,arnor-isildur,birth_year,family-north
persons,arnor-isildur,death_age,family-north
persons,arnor-isildur,death_year,family-north
persons,arnor-isildur,reported_lifespan,family-north
persons,arnor-isildur,life_note,family-north
persons,arnor-isildur,last_known_age,family-north
persons,arnor-isildur,last_known_year,family-north
persons,arnor-isildur,review_status,family-north
persons,arnor-valandil,birth_age,family-north
persons,arnor-valandil,birth_year,family-north
persons,arnor-valandil,death_age,family-north
persons,arnor-valandil,death_year,family-north
persons,arnor-valandil,reported_lifespan,family-north
persons,arnor-valandil,life_note,family-north
persons,arnor-valandil,last_known_age,family-north
persons,arnor-valandil,last_known_year,family-north
persons,arnor-valandil,review_status,family-north
persons,arnor-eldacar,birth_age,family-north
persons,arnor-eldacar,birth_year,family-north
persons,arnor-eldacar,death_age,family-north
persons,arnor-eldacar,death_year,family-north
persons,arnor-eldacar,reported_lifespan,family-north
persons,arnor-eldacar,life_note,family-north
persons,arnor-eldacar,last_known_age,family-north
persons,arnor-eldacar,last_known_year,family-north
persons,arnor-eldacar,review_status,family-north
persons,arnor-arantar,birth_age,family-north
persons,arnor-arantar,birth_year,family-north
persons,arnor-arantar,death_age,family-north
persons,arnor-arantar,death_year,family-north
persons,arnor-arantar,reported_lifespan,family-north
persons,arnor-arantar,life_note,family-north
persons,arnor-arantar,last_known_age,family-north
persons,arnor-arantar,last_known_year,family-north
persons,arnor-arantar,review_status,family-north
persons,arnor-tarcil,birth_age,family-north
persons,arnor-tarcil,birth_year,family-north
persons,arnor-tarcil,death_age,family-north
persons,arnor-tarcil,death_year,family-north
persons,arnor-tarcil,reported_lifespan,family-north
persons,arnor-tarcil,life_note,family-north
persons,arnor-tarcil,last_known_age,family-north
persons,arnor-tarcil,last_known_year,family-north
persons,arnor-tarcil,review_status,family-north
persons,arnor-tarondor,birth_age,family-north
persons,arnor-tarondor,birth_year,family-north
persons,arnor-tarondor,death_age,family-north
persons,arnor-tarondor,death_year,family-north
persons,arnor-tarondor,reported_lifespan,family-north
persons,arnor-tarondor,life_note,family-north
persons,arnor-tarondor,last_known_age,family-north
persons,arnor-tarondor,last_known_year,family-north
persons,arnor-tarondor,review_status,family-north
persons,arnor-valandur,birth_age,family-north
persons,arnor-valandur,birth_year,family-north
persons,arnor-valandur,death_age,family-north
persons,arnor-valandur,death_year,family-north
persons,arnor-valandur,reported_lifespan,family-north
persons,arnor-valandur,life_note,family-north
persons,arnor-valandur,last_known_age,family-north
persons,arnor-valandur,last_known_year,family-north
persons,arnor-valandur,review_status,family-north
persons,arnor-elendur,birth_age,family-north
persons,arnor-elendur,birth_year,family-north
persons,arnor-elendur,death_age,family-north
persons,arnor-elendur,death_year,family-north
persons,arnor-elendur,reported_lifespan,family-north
persons,arnor-elendur,life_note,family-north
persons,arnor-elendur,last_known_age,family-north
persons,arnor-elendur,last_known_year,family-north
persons,arnor-elendur,review_status,family-north
persons,arnor-earendur,birth_age,family-north
persons,arnor-earendur,birth_year,family-north
persons,arnor-earendur,death_age,family-north
persons,arnor-earendur,death_year,family-north
persons,arnor-earendur,reported_lifespan,family-north
persons,arnor-earendur,life_note,family-north
persons,arnor-earendur,last_known_age,family-north
persons,arnor-earendur,last_known_year,family-north
persons,arnor-earendur,review_status,family-north
persons,arthedain-amlaith,birth_age,family-north
persons,arthedain-amlaith,birth_year,family-north
persons,arthedain-amlaith,death_age,family-north
persons,arthedain-amlaith,death_year,family-north
persons,arthedain-amlaith,reported_lifespan,family-north
persons,arthedain-amlaith,life_note,family-north
persons,arthedain-amlaith,last_known_age,family-north
persons,arthedain-amlaith,last_known_year,family-north
persons,arthedain-amlaith,review_status,family-north
persons,arthedain-beleg,birth_age,family-north
persons,arthedain-beleg,birth_year,family-north
persons,arthedain-beleg,death_age,family-north
persons,arthedain-beleg,death_year,family-north
persons,arthedain-beleg,reported_lifespan,family-north
persons,arthedain-beleg,life_note,family-north
persons,arthedain-beleg,last_known_age,family-north
persons,arthedain-beleg,last_known_year,family-north
persons,arthedain-beleg,review_status,family-north
persons,arthedain-mallor,birth_age,family-north
persons,arthedain-mallor,birth_year,family-north
persons,arthedain-mallor,death_age,family-north
persons,arthedain-mallor,death_year,family-north
persons,arthedain-mallor,reported_lifespan,family-north
persons,arthedain-mallor,life_note,family-north
persons,arthedain-mallor,last_known_age,family-north
persons,arthedain-mallor,last_known_year,family-north
persons,arthedain-mallor,review_status,family-north
persons,arthedain-celepharn,birth_age,family-north
persons,arthedain-celepharn,birth_year,family-north
persons,arthedain-celepharn,death_age,family-north
persons,arthedain-celepharn,death_year,family-north
persons,arthedain-celepharn,reported_lifespan,family-north
persons,arthedain-celepharn,life_note,family-north
persons,arthedain-celepharn,last_known_age,family-north
persons,arthedain-celepharn,last_known_year,family-north
persons,arthedain-celepharn,review_status,family-north
persons,arthedain-celebrindor,birth_age,family-north
persons,arthedain-celebrindor,birth_year,family-north
persons,arthedain-celebrindor,death_age,family-north
persons,arthedain-celebrindor,death_year,family-north
persons,arthedain-celebrindor,reported_lifespan,family-north
persons,arthedain-celebrindor,life_note,family-north
persons,arthedain-celebrindor,last_known_age,family-north
persons,arthedain-celebrindor,last_known_year,family-north
persons,arthedain-celebrindor,review_status,family-north
persons,arthedain-malvegil,birth_age,family-north
persons,arthedain-malvegil,birth_year,family-north
persons,arthedain-malvegil,death_age,family-north
persons,arthedain-malvegil,death_year,family-north
persons,arthedain-malvegil,reported_lifespan,family-north
persons,arthedain-malvegil,life_note,family-north
persons,arthedain-malvegil,last_known_age,family-north
persons,arthedain-malvegil,last_known_year,family-north
persons,arthedain-malvegil,review_status,family-north
persons,arthedain-argeleb-i,birth_age,family-north
persons,arthedain-argeleb-i,birth_year,family-north
persons,arthedain-argeleb-i,death_age,family-north
persons,arthedain-argeleb-i,death_year,family-north
persons,arthedain-argeleb-i,reported_lifespan,family-north
persons,arthedain-argeleb-i,life_note,family-north
persons,arthedain-argeleb-i,last_known_age,family-north
persons,arthedain-argeleb-i,last_known_year,family-north
persons,arthedain-argeleb-i,review_status,family-north
persons,arthedain-arveleg-i,birth_age,family-north
persons,arthedain-arveleg-i,birth_year,family-north
persons,arthedain-arveleg-i,death_age,family-north
persons,arthedain-arveleg-i,death_year,family-north
persons,arthedain-arveleg-i,reported_lifespan,family-north
persons,arthedain-arveleg-i,life_note,family-north
persons,arthedain-arveleg-i,last_known_age,family-north
persons,arthedain-arveleg-i,last_known_year,family-north
persons,arthedain-arveleg-i,review_status,family-north
persons,arthedain-araphor,birth_age,family-north
persons,arthedain-araphor,birth_year,family-north
persons,arthedain-araphor,death_age,family-north
persons,arthedain-araphor,death_year,family-north
persons,arthedain-araphor,reported_lifespan,family-north
persons,arthedain-araphor,life_note,family-north
persons,arthedain-araphor,last_known_age,family-north
persons,arthedain-araphor,last_known_year,family-north
persons,arthedain-araphor,review_status,family-north
persons,arthedain-argeleb-ii,birth_age,family-north
persons,arthedain-argeleb-ii,birth_year,family-north
persons,arthedain-argeleb-ii,death_age,family-north
persons,arthedain-argeleb-ii,death_year,family-north
persons,arthedain-argeleb-ii,reported_lifespan,family-north
persons,arthedain-argeleb-ii,life_note,family-north
persons,arthedain-argeleb-ii,last_known_age,family-north
persons,arthedain-argeleb-ii,last_known_year,family-north
persons,arthedain-argeleb-ii,review_status,family-north
persons,arthedain-arvegil,birth_age,family-north
persons,arthedain-arvegil,birth_year,family-north
persons,arthedain-arvegil,death_age,family-north
persons,arthedain-arvegil,death_year,family-north
persons,arthedain-arvegil,reported_lifespan,family-north
persons,arthedain-arvegil,life_note,family-north
persons,arthedain-arvegil,last_known_age,family-north
persons,arthedain-arvegil,last_known_year,family-north
persons,arthedain-arvegil,review_status,family-north
persons,arthedain-arveleg-ii,birth_age,family-north
persons,arthedain-arveleg-ii,birth_year,family-north
persons,arthedain-arveleg-ii,death_age,family-north
persons,arthedain-arveleg-ii,death_year,family-north
persons,arthedain-arveleg-ii,reported_lifespan,family-north
persons,arthedain-arveleg-ii,life_note,family-north
persons,arthedain-arveleg-ii,last_known_age,family-north
persons,arthedain-arveleg-ii,last_known_year,family-north
persons,arthedain-arveleg-ii,review_status,family-north
persons,arthedain-araval,birth_age,family-north
persons,arthedain-araval,birth_year,family-north
persons,arthedain-araval,death_age,family-north
persons,arthedain-araval,death_year,family-north
persons,arthedain-araval,reported_lifespan,family-north
persons,arthedain-araval,life_note,family-north
persons,arthedain-araval,last_known_age,family-north
persons,arthedain-araval,last_known_year,family-north
persons,arthedain-araval,review_status,family-north
persons,arthedain-araphant,birth_age,family-north
persons,arthedain-araphant,birth_year,family-north
persons,arthedain-araphant,death_age,family-north
persons,arthedain-araphant,death_year,family-north
persons,arthedain-araphant,reported_lifespan,family-north
persons,arthedain-araphant,life_note,family-north
persons,arthedain-araphant,last_known_age,family-north
persons,arthedain-araphant,last_known_year,family-north
persons,arthedain-araphant,review_status,family-north
persons,arthedain-arvedui,birth_age,family-north
persons,arthedain-arvedui,birth_year,family-north
persons,arthedain-arvedui,death_age,family-north
persons,arthedain-arvedui,death_year,family-north
persons,arthedain-arvedui,reported_lifespan,family-north
persons,arthedain-arvedui,life_note,family-north
persons,arthedain-arvedui,last_known_age,family-north
persons,arthedain-arvedui,last_known_year,family-north
persons,arthedain-arvedui,review_status,family-north
persons,chieftains-aranarth,birth_age,family-north
persons,chieftains-aranarth,birth_year,family-north
persons,chieftains-aranarth,death_age,family-north
persons,chieftains-aranarth,death_year,family-north
persons,chieftains-aranarth,reported_lifespan,family-north
persons,chieftains-aranarth,life_note,family-north
persons,chieftains-aranarth,last_known_age,family-north
persons,chieftains-aranarth,last_known_year,family-north
persons,chieftains-aranarth,review_status,family-north
persons,chieftains-arahael,birth_age,family-north
persons,chieftains-arahael,birth_year,family-north
persons,chieftains-arahael,death_age,family-north
persons,chieftains-arahael,death_year,family-north
persons,chieftains-arahael,reported_lifespan,family-north
persons,chieftains-arahael,life_note,family-north
persons,chieftains-arahael,last_known_age,family-north
persons,chieftains-arahael,last_known_year,family-north
persons,chieftains-arahael,review_status,family-north
persons,chieftains-aranuir,birth_age,family-north
persons,chieftains-aranuir,birth_year,family-north
persons,chieftains-aranuir,death_age,family-north
persons,chieftains-aranuir,death_year,family-north
persons,chieftains-aranuir,reported_lifespan,family-north
persons,chieftains-aranuir,life_note,family-north
persons,chieftains-aranuir,last_known_age,family-north
persons,chieftains-aranuir,last_known_year,family-north
persons,chieftains-aranuir,review_status,family-north
persons,chieftains-aravir,birth_age,family-north
persons,chieftains-aravir,birth_year,family-north
persons,chieftains-aravir,death_age,family-north
persons,chieftains-aravir,death_year,family-north
persons,chieftains-aravir,reported_lifespan,family-north
persons,chieftains-aravir,life_note,family-north
persons,chieftains-aravir,last_known_age,family-north
persons,chieftains-aravir,last_known_year,family-north
persons,chieftains-aravir,review_status,family-north
persons,chieftains-aragorn-i,birth_age,family-north
persons,chieftains-aragorn-i,birth_year,family-north
persons,chieftains-aragorn-i,death_age,family-north
persons,chieftains-aragorn-i,death_year,family-north
persons,chieftains-aragorn-i,reported_lifespan,family-north
persons,chieftains-aragorn-i,life_note,family-north
persons,chieftains-aragorn-i,last_known_age,family-north
persons,chieftains-aragorn-i,last_known_year,family-north
persons,chieftains-aragorn-i,review_status,family-north
persons,chieftains-araglas,birth_age,family-north
persons,chieftains-araglas,birth_year,family-north
persons,chieftains-araglas,death_age,family-north
persons,chieftains-araglas,death_year,family-north
persons,chieftains-araglas,reported_lifespan,family-north
persons,chieftains-araglas,life_note,family-north
persons,chieftains-araglas,last_known_age,family-north
persons,chieftains-araglas,last_known_year,family-north
persons,chieftains-araglas,review_status,family-north
persons,chieftains-arahad-i,birth_age,family-north
persons,chieftains-arahad-i,birth_year,family-north
persons,chieftains-arahad-i,death_age,family-north
persons,chieftains-arahad-i,death_year,family-north
persons,chieftains-arahad-i,reported_lifespan,family-north
persons,chieftains-arahad-i,life_note,family-north
persons,chieftains-arahad-i,last_known_age,family-north
persons,chieftains-arahad-i,last_known_year,family-north
persons,chieftains-arahad-i,review_status,family-north
persons,chieftains-aragost,birth_age,family-north
persons,chieftains-aragost,birth_year,family-north
persons,chieftains-aragost,death_age,family-north
persons,chieftains-aragost,death_year,family-north
persons,chieftains-aragost,reported_lifespan,family-north
persons,chieftains-aragost,life_note,family-north
persons,chieftains-aragost,last_known_age,family-north
persons,chieftains-aragost,last_known_year,family-north
persons,chieftains-aragost,review_status,family-north
persons,chieftains-aravorn,birth_age,family-north
persons,chieftains-aravorn,birth_year,family-north
persons,chieftains-aravorn,death_age,family-north
persons,chieftains-aravorn,death_year,family-north
persons,chieftains-aravorn,reported_lifespan,family-north
persons,chieftains-aravorn,life_note,family-north
persons,chieftains-aravorn,last_known_age,family-north
persons,chieftains-aravorn,last_known_year,family-north
persons,chieftains-aravorn,review_status,family-north
persons,chieftains-arahad-ii,birth_age,family-north
persons,chieftains-arahad-ii,birth_year,family-north
persons,chieftains-arahad-ii,death_age,family-north
persons,chieftains-arahad-ii,death_year,family-north
persons,chieftains-arahad-ii,reported_lifespan,family-north
persons,chieftains-arahad-ii,life_note,family-north
persons,chieftains-arahad-ii,last_known_age,family-north
persons,chieftains-arahad-ii,last_known_year,family-north
persons,chieftains-arahad-ii,review_status,family-north
persons,chieftains-arassuil,birth_age,family-north
persons,chieftains-arassuil,birth_year,family-north
persons,chieftains-arassuil,death_age,family-north
persons,chieftains-arassuil,death_year,family-north
persons,chieftains-arassuil,reported_lifespan,family-north
persons,chieftains-arassuil,life_note,family-north
persons,chieftains-arassuil,last_known_age,family-north
persons,chieftains-arassuil,last_known_year,family-north
persons,chieftains-arassuil,review_status,family-north
persons,chieftains-arathorn-i,birth_age,family-north
persons,chieftains-arathorn-i,birth_year,family-north
persons,chieftains-arathorn-i,death_age,family-north
persons,chieftains-arathorn-i,death_year,family-north
persons,chieftains-arathorn-i,reported_lifespan,family-north
persons,chieftains-arathorn-i,life_note,family-north
persons,chieftains-arathorn-i,last_known_age,family-north
persons,chieftains-arathorn-i,last_known_year,family-north
persons,chieftains-arathorn-i,review_status,family-north
persons,chieftains-argonui,birth_age,family-north
persons,chieftains-argonui,birth_year,family-north
persons,chieftains-argonui,death_age,family-north
persons,chieftains-argonui,death_year,family-north
persons,chieftains-argonui,reported_lifespan,family-north
persons,chieftains-argonui,life_note,family-north
persons,chieftains-argonui,last_known_age,family-north
persons,chieftains-argonui,last_known_year,family-north
persons,chieftains-argonui,review_status,family-north
persons,chieftains-arador,birth_age,family-north
persons,chieftains-arador,birth_year,family-north
persons,chieftains-arador,death_age,family-north
persons,chieftains-arador,death_year,family-north
persons,chieftains-arador,reported_lifespan,family-north
persons,chieftains-arador,life_note,family-north
persons,chieftains-arador,last_known_age,family-north
persons,chieftains-arador,last_known_year,family-north
persons,chieftains-arador,review_status,family-north
persons,chieftains-arathorn-ii,birth_age,family-north
persons,chieftains-arathorn-ii,birth_year,family-north
persons,chieftains-arathorn-ii,death_age,family-north
persons,chieftains-arathorn-ii,death_year,family-north
persons,chieftains-arathorn-ii,reported_lifespan,family-north
persons,chieftains-arathorn-ii,life_note,family-north
persons,chieftains-arathorn-ii,last_known_age,family-north
persons,chieftains-arathorn-ii,last_known_year,family-north
persons,chieftains-arathorn-ii,review_status,family-north
persons,chieftains-aragorn-ii,birth_age,aragorn-life
persons,chieftains-aragorn-ii,birth_year,aragorn-life
persons,chieftains-aragorn-ii,death_age,aragorn-life
persons,chieftains-aragorn-ii,death_year,aragorn-life
persons,chieftains-aragorn-ii,reported_lifespan,aragorn-life
persons,chieftains-aragorn-ii,life_note,aragorn-life
persons,chieftains-aragorn-ii,last_known_age,aragorn-life
persons,chieftains-aragorn-ii,last_known_year,aragorn-life
persons,chieftains-aragorn-ii,review_status,aragorn-life
persons,gondor-anarion,birth_age,family-gondor
persons,gondor-anarion,birth_year,family-gondor
persons,gondor-anarion,death_age,family-gondor
persons,gondor-anarion,death_year,family-gondor
persons,gondor-anarion,reported_lifespan,family-gondor
persons,gondor-anarion,life_note,family-gondor
persons,gondor-anarion,last_known_age,family-gondor
persons,gondor-anarion,last_known_year,family-gondor
persons,gondor-anarion,review_status,family-gondor
persons,gondor-meneldil,birth_age,family-gondor
persons,gondor-meneldil,birth_year,family-gondor
persons,gondor-meneldil,death_age,family-gondor
persons,gondor-meneldil,death_year,family-gondor
persons,gondor-meneldil,reported_lifespan,family-gondor
persons,gondor-meneldil,life_note,family-gondor
persons,gondor-meneldil,last_known_age,family-gondor
persons,gondor-meneldil,last_known_year,family-gondor
persons,gondor-meneldil,review_status,family-gondor
persons,gondor-cemendur,birth_age,family-gondor
persons,gondor-cemendur,birth_year,family-gondor
persons,gondor-cemendur,death_age,family-gondor
persons,gondor-cemendur,death_year,family-gondor
persons,gondor-cemendur,reported_lifespan,family-gondor
persons,gondor-cemendur,life_note,family-gondor
persons,gondor-cemendur,last_known_age,family-gondor
persons,gondor-cemendur,last_known_year,family-gondor
persons,gondor-cemendur,review_status,family-gondor
persons,gondor-earendil,birth_age,family-gondor
persons,gondor-earendil,birth_year,family-gondor
persons,gondor-earendil,death_age,family-gondor
persons,gondor-earendil,death_year,family-gondor
persons,gondor-earendil,reported_lifespan,family-gondor
persons,gondor-earendil,life_note,family-gondor
persons,gondor-earendil,last_known_age,family-gondor
persons,gondor-earendil,last_known_year,family-gondor
persons,gondor-earendil,review_status,family-gondor
persons,gondor-anardil,birth_age,family-gondor
persons,gondor-anardil,birth_year,family-gondor
persons,gondor-anardil,death_age,family-gondor
persons,gondor-anardil,death_year,family-gondor
persons,gondor-anardil,reported_lifespan,family-gondor
persons,gondor-anardil,life_note,family-gondor
persons,gondor-anardil,last_known_age,family-gondor
persons,gondor-anardil,last_known_year,family-gondor
persons,gondor-anardil,review_status,family-gondor
persons,gondor-ostoher,birth_age,family-gondor
persons,gondor-ostoher,birth_year,family-gondor
persons,gondor-ostoher,death_age,family-gondor
persons,gondor-ostoher,death_year,family-gondor
persons,gondor-ostoher,reported_lifespan,family-gondor
persons,gondor-ostoher,life_note,family-gondor
persons,gondor-ostoher,last_known_age,family-gondor
persons,gondor-ostoher,last_known_year,family-gondor
persons,gondor-ostoher,review_status,family-gondor
persons,gondor-romendacil-i,birth_age,family-gondor
persons,gondor-romendacil-i,birth_year,family-gondor
persons,gondor-romendacil-i,death_age,family-gondor
persons,gondor-romendacil-i,death_year,family-gondor
persons,gondor-romendacil-i,reported_lifespan,family-gondor
persons,gondor-romendacil-i,life_note,family-gondor
persons,gondor-romendacil-i,last_known_age,family-gondor
persons,gondor-romendacil-i,last_known_year,family-gondor
persons,gondor-romendacil-i,review_status,family-gondor
persons,gondor-turambar,birth_age,family-gondor
persons,gondor-turambar,birth_year,family-gondor
persons,gondor-turambar,death_age,family-gondor
persons,gondor-turambar,death_year,family-gondor
persons,gondor-turambar,reported_lifespan,family-gondor
persons,gondor-turambar,life_note,family-gondor
persons,gondor-turambar,last_known_age,family-gondor
persons,gondor-turambar,last_known_year,family-gondor
persons,gondor-turambar,review_status,family-gondor
persons,gondor-atanatar-i,birth_age,family-gondor
persons,gondor-atanatar-i,birth_year,family-gondor
persons,gondor-atanatar-i,death_age,family-gondor
persons,gondor-atanatar-i,death_year,family-gondor
persons,gondor-atanatar-i,reported_lifespan,family-gondor
persons,gondor-atanatar-i,life_note,family-gondor
persons,gondor-atanatar-i,last_known_age,family-gondor
persons,gondor-atanatar-i,last_known_year,family-gondor
persons,gondor-atanatar-i,review_status,family-gondor
persons,gondor-siriondil,birth_age,family-gondor
persons,gondor-siriondil,birth_year,family-gondor
persons,gondor-siriondil,death_age,family-gondor
persons,gondor-siriondil,death_year,family-gondor
persons,gondor-siriondil,reported_lifespan,family-gondor
persons,gondor-siriondil,life_note,family-gondor
persons,gondor-siriondil,last_known_age,family-gondor
persons,gondor-siriondil,last_known_year,family-gondor
persons,gondor-siriondil,review_status,family-gondor
persons,gondor-tarannon-falastur,birth_age,family-gondor
persons,gondor-tarannon-falastur,birth_year,family-gondor
persons,gondor-tarannon-falastur,death_age,family-gondor
persons,gondor-tarannon-falastur,death_year,family-gondor
persons,gondor-tarannon-falastur,reported_lifespan,family-gondor
persons,gondor-tarannon-falastur,life_note,family-gondor
persons,gondor-tarannon-falastur,last_known_age,family-gondor
persons,gondor-tarannon-falastur,last_known_year,family-gondor
persons,gondor-tarannon-falastur,review_status,family-gondor
persons,gondor-earnil-i,birth_age,family-gondor
persons,gondor-earnil-i,birth_year,family-gondor
persons,gondor-earnil-i,death_age,family-gondor
persons,gondor-earnil-i,death_year,family-gondor
persons,gondor-earnil-i,reported_lifespan,family-gondor
persons,gondor-earnil-i,life_note,family-gondor
persons,gondor-earnil-i,last_known_age,family-gondor
persons,gondor-earnil-i,last_known_year,family-gondor
persons,gondor-earnil-i,review_status,family-gondor
persons,gondor-ciryandil,birth_age,family-gondor
persons,gondor-ciryandil,birth_year,family-gondor
persons,gondor-ciryandil,death_age,family-gondor
persons,gondor-ciryandil,death_year,family-gondor
persons,gondor-ciryandil,reported_lifespan,family-gondor
persons,gondor-ciryandil,life_note,family-gondor
persons,gondor-ciryandil,last_known_age,family-gondor
persons,gondor-ciryandil,last_known_year,family-gondor
persons,gondor-ciryandil,review_status,family-gondor
persons,gondor-hyarmendacil-i,birth_age,family-gondor
persons,gondor-hyarmendacil-i,birth_year,family-gondor
persons,gondor-hyarmendacil-i,death_age,family-gondor
persons,gondor-hyarmendacil-i,death_year,family-gondor
persons,gondor-hyarmendacil-i,reported_lifespan,family-gondor
persons,gondor-hyarmendacil-i,life_note,family-gondor
persons,gondor-hyarmendacil-i,last_known_age,family-gondor
persons,gondor-hyarmendacil-i,last_known_year,family-gondor
persons,gondor-hyarmendacil-i,review_status,family-gondor
persons,gondor-atanatar-ii-alcarin,birth_age,family-gondor
persons,gondor-atanatar-ii-alcarin,birth_year,family-gondor
persons,gondor-atanatar-ii-alcarin,death_age,family-gondor
persons,gondor-atanatar-ii-alcarin,death_year,family-gondor
persons,gondor-atanatar-ii-alcarin,reported_lifespan,family-gondor
persons,gondor-atanatar-ii-alcarin,life_note,family-gondor
persons,gondor-atanatar-ii-alcarin,last_known_age,family-gondor
persons,gondor-atanatar-ii-alcarin,last_known_year,family-gondor
persons,gondor-atanatar-ii-alcarin,review_status,family-gondor
persons,gondor-narmacil-i,birth_age,family-gondor
persons,gondor-narmacil-i,birth_year,family-gondor
persons,gondor-narmacil-i,death_age,family-gondor
persons,gondor-narmacil-i,death_year,family-gondor
persons,gondor-narmacil-i,reported_lifespan,family-gondor
persons,gondor-narmacil-i,life_note,family-gondor
persons,gondor-narmacil-i,last_known_age,family-gondor
persons,gondor-narmacil-i,last_known_year,family-gondor
persons,gondor-narmacil-i,review_status,family-gondor
persons,gondor-calmacil,birth_age,family-gondor
persons,gondor-calmacil,birth_year,family-gondor
persons,gondor-calmacil,death_age,family-gondor
persons,gondor-calmacil,death_year,family-gondor
persons,gondor-calmacil,reported_lifespan,family-gondor
persons,gondor-calmacil,life_note,family-gondor
persons,gondor-calmacil,last_known_age,family-gondor
persons,gondor-calmacil,last_known_year,family-gondor
persons,gondor-calmacil,review_status,family-gondor
persons,gondor-romendacil-ii,birth_age,family-gondor
persons,gondor-romendacil-ii,birth_year,family-gondor
persons,gondor-romendacil-ii,death_age,family-gondor
persons,gondor-romendacil-ii,death_year,family-gondor
persons,gondor-romendacil-ii,reported_lifespan,family-gondor
persons,gondor-romendacil-ii,life_note,family-gondor
persons,gondor-romendacil-ii,last_known_age,family-gondor
persons,gondor-romendacil-ii,last_known_year,family-gondor
persons,gondor-romendacil-ii,review_status,family-gondor
persons,gondor-valacar,birth_age,family-gondor
persons,gondor-valacar,birth_year,family-gondor
persons,gondor-valacar,death_age,family-gondor
persons,gondor-valacar,death_year,family-gondor
persons,gondor-valacar,reported_lifespan,family-gondor
persons,gondor-valacar,life_note,family-gondor
persons,gondor-valacar,last_known_age,family-gondor
persons,gondor-valacar,last_known_year,family-gondor
persons,gondor-valacar,review_status,family-gondor
persons,gondor-eldacar,birth_age,family-gondor
persons,gondor-eldacar,birth_year,family-gondor
persons,gondor-eldacar,death_age,family-gondor
persons,gondor-eldacar,death_year,family-gondor
persons,gondor-eldacar,reported_lifespan,family-gondor
persons,gondor-eldacar,life_note,family-gondor
persons,gondor-eldacar,last_known_age,family-gondor
persons,gondor-eldacar,last_known_year,family-gondor
persons,gondor-eldacar,review_status,family-gondor
persons,gondor-castamir,birth_age,family-gondor
persons,gondor-castamir,birth_year,family-gondor
persons,gondor-castamir,death_age,family-gondor
persons,gondor-castamir,death_year,family-gondor
persons,gondor-castamir,reported_lifespan,family-gondor
persons,gondor-castamir,life_note,family-gondor
persons,gondor-castamir,last_known_age,family-gondor
persons,gondor-castamir,last_known_year,family-gondor
persons,gondor-castamir,review_status,family-gondor
persons,gondor-aldamir,birth_age,family-gondor
persons,gondor-aldamir,birth_year,family-gondor
persons,gondor-aldamir,death_age,family-gondor
persons,gondor-aldamir,death_year,family-gondor
persons,gondor-aldamir,reported_lifespan,family-gondor
persons,gondor-aldamir,life_note,family-gondor
persons,gondor-aldamir,last_known_age,family-gondor
persons,gondor-aldamir,last_known_year,family-gondor
persons,gondor-aldamir,review_status,family-gondor
persons,gondor-hyarmendacil-ii,birth_age,family-gondor
persons,gondor-hyarmendacil-ii,birth_year,family-gondor
persons,gondor-hyarmendacil-ii,death_age,family-gondor
persons,gondor-hyarmendacil-ii,death_year,family-gondor
persons,gondor-hyarmendacil-ii,reported_lifespan,family-gondor
persons,gondor-hyarmendacil-ii,life_note,family-gondor
persons,gondor-hyarmendacil-ii,last_known_age,family-gondor
persons,gondor-hyarmendacil-ii,last_known_year,family-gondor
persons,gondor-hyarmendacil-ii,review_status,family-gondor
persons,gondor-minardil,birth_age,minardil-life
persons,gondor-minardil,birth_year,minardil-life
persons,gondor-minardil,death_age,minardil-life
persons,gondor-minardil,death_year,minardil-life
persons,gondor-minardil,reported_lifespan,minardil-life
persons,gondor-minardil,life_note,minardil-life
persons,gondor-minardil,last_known_age,minardil-life
persons,gondor-minardil,last_known_year,minardil-life
persons,gondor-minardil,review_status,minardil-life
persons,gondor-telemnar,birth_age,family-gondor
persons,gondor-telemnar,birth_year,family-gondor
persons,gondor-telemnar,death_age,family-gondor
persons,gondor-telemnar,death_year,family-gondor
persons,gondor-telemnar,reported_lifespan,family-gondor
persons,gondor-telemnar,life_note,family-gondor
persons,gondor-telemnar,last_known_age,family-gondor
persons,gondor-telemnar,last_known_year,family-gondor
persons,gondor-telemnar,review_status,family-gondor
persons,gondor-tarondor,birth_age,family-gondor
persons,gondor-tarondor,birth_year,family-gondor
persons,gondor-tarondor,death_age,family-gondor
persons,gondor-tarondor,death_year,family-gondor
persons,gondor-tarondor,reported_lifespan,family-gondor
persons,gondor-tarondor,life_note,family-gondor
persons,gondor-tarondor,last_known_age,family-gondor
persons,gondor-tarondor,last_known_year,family-gondor
persons,gondor-tarondor,review_status,family-gondor
persons,gondor-telumehtar-umbardacil,birth_age,family-gondor
persons,gondor-telumehtar-umbardacil,birth_year,family-gondor
persons,gondor-telumehtar-umbardacil,death_age,family-gondor
persons,gondor-telumehtar-umbardacil,death_year,family-gondor
persons,gondor-telumehtar-umbardacil,reported_lifespan,family-gondor
persons,gondor-telumehtar-umbardacil,life_note,family-gondor
persons,gondor-telumehtar-umbardacil,last_known_age,family-gondor
persons,gondor-telumehtar-umbardacil,last_known_year,family-gondor
persons,gondor-telumehtar-umbardacil,review_status,family-gondor
persons,gondor-narmacil-ii,birth_age,family-gondor
persons,gondor-narmacil-ii,birth_year,family-gondor
persons,gondor-narmacil-ii,death_age,family-gondor
persons,gondor-narmacil-ii,death_year,family-gondor
persons,gondor-narmacil-ii,reported_lifespan,family-gondor
persons,gondor-narmacil-ii,life_note,family-gondor
persons,gondor-narmacil-ii,last_known_age,family-gondor
persons,gondor-narmacil-ii,last_known_year,family-gondor
persons,gondor-narmacil-ii,review_status,family-gondor
persons,gondor-calimehtar,birth_age,family-gondor
persons,gondor-calimehtar,birth_year,family-gondor
persons,gondor-calimehtar,death_age,family-gondor
persons,gondor-calimehtar,death_year,family-gondor
persons,gondor-calimehtar,reported_lifespan,family-gondor
persons,gondor-calimehtar,life_note,family-gondor
persons,gondor-calimehtar,last_known_age,family-gondor
persons,gondor-calimehtar,last_known_year,family-gondor
persons,gondor-calimehtar,review_status,family-gondor
persons,gondor-ondoher,birth_age,family-gondor
persons,gondor-ondoher,birth_year,family-gondor
persons,gondor-ondoher,death_age,family-gondor
persons,gondor-ondoher,death_year,family-gondor
persons,gondor-ondoher,reported_lifespan,family-gondor
persons,gondor-ondoher,life_note,family-gondor
persons,gondor-ondoher,last_known_age,family-gondor
persons,gondor-ondoher,last_known_year,family-gondor
persons,gondor-ondoher,review_status,family-gondor
persons,gondor-earnil-ii,birth_age,family-gondor
persons,gondor-earnil-ii,birth_year,family-gondor
persons,gondor-earnil-ii,death_age,family-gondor
persons,gondor-earnil-ii,death_year,family-gondor
persons,gondor-earnil-ii,reported_lifespan,family-gondor
persons,gondor-earnil-ii,life_note,family-gondor
persons,gondor-earnil-ii,last_known_age,family-gondor
persons,gondor-earnil-ii,last_known_year,family-gondor
persons,gondor-earnil-ii,review_status,family-gondor
persons,gondor-earnur,birth_age,earnur-fate
persons,gondor-earnur,birth_year,earnur-fate
persons,gondor-earnur,death_age,earnur-fate
persons,gondor-earnur,death_year,earnur-fate
persons,gondor-earnur,reported_lifespan,earnur-fate
persons,gondor-earnur,life_note,earnur-fate
persons,gondor-earnur,last_known_age,earnur-fate
persons,gondor-earnur,last_known_year,earnur-fate
persons,gondor-earnur,review_status,earnur-fate
persons,stewards-mardil-voronwe,birth_age,family-stewards
persons,stewards-mardil-voronwe,birth_year,family-stewards
persons,stewards-mardil-voronwe,death_age,family-stewards
persons,stewards-mardil-voronwe,death_year,family-stewards
persons,stewards-mardil-voronwe,reported_lifespan,family-stewards
persons,stewards-mardil-voronwe,life_note,family-stewards
persons,stewards-mardil-voronwe,last_known_age,family-stewards
persons,stewards-mardil-voronwe,last_known_year,family-stewards
persons,stewards-mardil-voronwe,review_status,family-stewards
persons,stewards-eradan,birth_age,family-stewards
persons,stewards-eradan,birth_year,family-stewards
persons,stewards-eradan,death_age,family-stewards
persons,stewards-eradan,death_year,family-stewards
persons,stewards-eradan,reported_lifespan,family-stewards
persons,stewards-eradan,life_note,family-stewards
persons,stewards-eradan,last_known_age,family-stewards
persons,stewards-eradan,last_known_year,family-stewards
persons,stewards-eradan,review_status,family-stewards
persons,stewards-herion,birth_age,family-stewards
persons,stewards-herion,birth_year,family-stewards
persons,stewards-herion,death_age,family-stewards
persons,stewards-herion,death_year,family-stewards
persons,stewards-herion,reported_lifespan,family-stewards
persons,stewards-herion,life_note,family-stewards
persons,stewards-herion,last_known_age,family-stewards
persons,stewards-herion,last_known_year,family-stewards
persons,stewards-herion,review_status,family-stewards
persons,stewards-belegorn,birth_age,family-stewards
persons,stewards-belegorn,birth_year,family-stewards
persons,stewards-belegorn,death_age,family-stewards
persons,stewards-belegorn,death_year,family-stewards
persons,stewards-belegorn,reported_lifespan,family-stewards
persons,stewards-belegorn,life_note,family-stewards
persons,stewards-belegorn,last_known_age,family-stewards
persons,stewards-belegorn,last_known_year,family-stewards
persons,stewards-belegorn,review_status,family-stewards
persons,stewards-hurin-i,birth_age,family-stewards
persons,stewards-hurin-i,birth_year,family-stewards
persons,stewards-hurin-i,death_age,family-stewards
persons,stewards-hurin-i,death_year,family-stewards
persons,stewards-hurin-i,reported_lifespan,family-stewards
persons,stewards-hurin-i,life_note,family-stewards
persons,stewards-hurin-i,last_known_age,family-stewards
persons,stewards-hurin-i,last_known_year,family-stewards
persons,stewards-hurin-i,review_status,family-stewards
persons,stewards-turin-i,birth_age,family-stewards
persons,stewards-turin-i,birth_year,family-stewards
persons,stewards-turin-i,death_age,family-stewards
persons,stewards-turin-i,death_year,family-stewards
persons,stewards-turin-i,reported_lifespan,family-stewards
persons,stewards-turin-i,life_note,family-stewards
persons,stewards-turin-i,last_known_age,family-stewards
persons,stewards-turin-i,last_known_year,family-stewards
persons,stewards-turin-i,review_status,family-stewards
persons,stewards-hador,birth_age,family-stewards
persons,stewards-hador,birth_year,family-stewards
persons,stewards-hador,death_age,family-stewards
persons,stewards-hador,death_year,family-stewards
persons,stewards-hador,reported_lifespan,family-stewards
persons,stewards-hador,life_note,family-stewards
persons,stewards-hador,last_known_age,family-stewards
persons,stewards-hador,last_known_year,family-stewards
persons,stewards-hador,review_status,family-stewards
persons,stewards-barahir,birth_age,family-stewards
persons,stewards-barahir,birth_year,family-stewards
persons,stewards-barahir,death_age,family-stewards
persons,stewards-barahir,death_year,family-stewards
persons,stewards-barahir,reported_lifespan,family-stewards
persons,stewards-barahir,life_note,family-stewards
persons,stewards-barahir,last_known_age,family-stewards
persons,stewards-barahir,last_known_year,family-stewards
persons,stewards-barahir,review_status,family-stewards
persons,stewards-dior,birth_age,family-stewards
persons,stewards-dior,birth_year,family-stewards
persons,stewards-dior,death_age,family-stewards
persons,stewards-dior,death_year,family-stewards
persons,stewards-dior,reported_lifespan,family-stewards
persons,stewards-dior,life_note,family-stewards
persons,stewards-dior,last_known_age,family-stewards
persons,stewards-dior,last_known_year,family-stewards
persons,stewards-dior,review_status,family-stewards
persons,stewards-denethor-i,birth_age,family-stewards
persons,stewards-denethor-i,birth_year,family-stewards
persons,stewards-denethor-i,death_age,family-stewards
persons,stewards-denethor-i,death_year,family-stewards
persons,stewards-denethor-i,reported_lifespan,family-stewards
persons,stewards-denethor-i,life_note,family-stewards
persons,stewards-denethor-i,last_known_age,family-stewards
persons,stewards-denethor-i,last_known_year,family-stewards
persons,stewards-denethor-i,review_status,family-stewards
persons,stewards-boromir,birth_age,family-stewards
persons,stewards-boromir,birth_year,family-stewards
persons,stewards-boromir,death_age,family-stewards
persons,stewards-boromir,death_year,family-stewards
persons,stewards-boromir,reported_lifespan,family-stewards
persons,stewards-boromir,life_note,family-stewards
persons,stewards-boromir,last_known_age,family-stewards
persons,stewards-boromir,last_known_year,family-stewards
persons,stewards-boromir,review_status,family-stewards
persons,stewards-cirion,birth_age,family-stewards
persons,stewards-cirion,birth_year,family-stewards
persons,stewards-cirion,death_age,family-stewards
persons,stewards-cirion,death_year,family-stewards
persons,stewards-cirion,reported_lifespan,family-stewards
persons,stewards-cirion,life_note,family-stewards
persons,stewards-cirion,last_known_age,family-stewards
persons,stewards-cirion,last_known_year,family-stewards
persons,stewards-cirion,review_status,family-stewards
persons,stewards-hallas,birth_age,family-stewards
persons,stewards-hallas,birth_year,family-stewards
persons,stewards-hallas,death_age,family-stewards
persons,stewards-hallas,death_year,family-stewards
persons,stewards-hallas,reported_lifespan,family-stewards
persons,stewards-hallas,life_note,family-stewards
persons,stewards-hallas,last_known_age,family-stewards
persons,stewards-hallas,last_known_year,family-stewards
persons,stewards-hallas,review_status,family-stewards
persons,stewards-hurin-ii,birth_age,family-stewards
persons,stewards-hurin-ii,birth_year,family-stewards
persons,stewards-hurin-ii,death_age,family-stewards
persons,stewards-hurin-ii,death_year,family-stewards
persons,stewards-hurin-ii,reported_lifespan,family-stewards
persons,stewards-hurin-ii,life_note,family-stewards
persons,stewards-hurin-ii,last_known_age,family-stewards
persons,stewards-hurin-ii,last_known_year,family-stewards
persons,stewards-hurin-ii,review_status,family-stewards
persons,stewards-belecthor-i,birth_age,family-stewards
persons,stewards-belecthor-i,birth_year,family-stewards
persons,stewards-belecthor-i,death_age,family-stewards
persons,stewards-belecthor-i,death_year,family-stewards
persons,stewards-belecthor-i,reported_lifespan,family-stewards
persons,stewards-belecthor-i,life_note,family-stewards
persons,stewards-belecthor-i,last_known_age,family-stewards
persons,stewards-belecthor-i,last_known_year,family-stewards
persons,stewards-belecthor-i,review_status,family-stewards
persons,stewards-orodreth,birth_age,family-stewards
persons,stewards-orodreth,birth_year,family-stewards
persons,stewards-orodreth,death_age,family-stewards
persons,stewards-orodreth,death_year,family-stewards
persons,stewards-orodreth,reported_lifespan,family-stewards
persons,stewards-orodreth,life_note,family-stewards
persons,stewards-orodreth,last_known_age,family-stewards
persons,stewards-orodreth,last_known_year,family-stewards
persons,stewards-orodreth,review_status,family-stewards
persons,stewards-ecthelion-i,birth_age,family-stewards
persons,stewards-ecthelion-i,birth_year,family-stewards
persons,stewards-ecthelion-i,death_age,family-stewards
persons,stewards-ecthelion-i,death_year,family-stewards
persons,stewards-ecthelion-i,reported_lifespan,family-stewards
persons,stewards-ecthelion-i,life_note,family-stewards
persons,stewards-ecthelion-i,last_known_age,family-stewards
persons,stewards-ecthelion-i,last_known_year,family-stewards
persons,stewards-ecthelion-i,review_status,family-stewards
persons,stewards-egalmoth,birth_age,family-stewards
persons,stewards-egalmoth,birth_year,family-stewards
persons,stewards-egalmoth,death_age,family-stewards
persons,stewards-egalmoth,death_year,family-stewards
persons,stewards-egalmoth,reported_lifespan,family-stewards
persons,stewards-egalmoth,life_note,family-stewards
persons,stewards-egalmoth,last_known_age,family-stewards
persons,stewards-egalmoth,last_known_year,family-stewards
persons,stewards-egalmoth,review_status,family-stewards
persons,stewards-beren,birth_age,family-stewards
persons,stewards-beren,birth_year,family-stewards
persons,stewards-beren,death_age,family-stewards
persons,stewards-beren,death_year,family-stewards
persons,stewards-beren,reported_lifespan,family-stewards
persons,stewards-beren,life_note,family-stewards
persons,stewards-beren,last_known_age,family-stewards
persons,stewards-beren,last_known_year,family-stewards
persons,stewards-beren,review_status,family-stewards
persons,stewards-beregond,birth_age,family-stewards
persons,stewards-beregond,birth_year,family-stewards
persons,stewards-beregond,death_age,family-stewards
persons,stewards-beregond,death_year,family-stewards
persons,stewards-beregond,reported_lifespan,family-stewards
persons,stewards-beregond,life_note,family-stewards
persons,stewards-beregond,last_known_age,family-stewards
persons,stewards-beregond,last_known_year,family-stewards
persons,stewards-beregond,review_status,family-stewards
persons,stewards-belecthor-ii,birth_age,family-stewards
persons,stewards-belecthor-ii,birth_year,family-stewards
persons,stewards-belecthor-ii,death_age,family-stewards
persons,stewards-belecthor-ii,death_year,family-stewards
persons,stewards-belecthor-ii,reported_lifespan,family-stewards
persons,stewards-belecthor-ii,life_note,family-stewards
persons,stewards-belecthor-ii,last_known_age,family-stewards
persons,stewards-belecthor-ii,last_known_year,family-stewards
persons,stewards-belecthor-ii,review_status,family-stewards
persons,stewards-thorondir,birth_age,family-stewards
persons,stewards-thorondir,birth_year,family-stewards
persons,stewards-thorondir,death_age,family-stewards
persons,stewards-thorondir,death_year,family-stewards
persons,stewards-thorondir,reported_lifespan,family-stewards
persons,stewards-thorondir,life_note,family-stewards
persons,stewards-thorondir,last_known_age,family-stewards
persons,stewards-thorondir,last_known_year,family-stewards
persons,stewards-thorondir,review_status,family-stewards
persons,stewards-turin-ii,birth_age,family-stewards
persons,stewards-turin-ii,birth_year,family-stewards
persons,stewards-turin-ii,death_age,family-stewards
persons,stewards-turin-ii,death_year,family-stewards
persons,stewards-turin-ii,reported_lifespan,family-stewards
persons,stewards-turin-ii,life_note,family-stewards
persons,stewards-turin-ii,last_known_age,family-stewards
persons,stewards-turin-ii,last_known_year,family-stewards
persons,stewards-turin-ii,review_status,family-stewards
persons,stewards-turgon,birth_age,family-stewards
persons,stewards-turgon,birth_year,family-stewards
persons,stewards-turgon,death_age,family-stewards
persons,stewards-turgon,death_year,family-stewards
persons,stewards-turgon,reported_lifespan,family-stewards
persons,stewards-turgon,life_note,family-stewards
persons,stewards-turgon,last_known_age,family-stewards
persons,stewards-turgon,last_known_year,family-stewards
persons,stewards-turgon,review_status,family-stewards
persons,stewards-ecthelion-ii,birth_age,family-stewards
persons,stewards-ecthelion-ii,birth_year,family-stewards
persons,stewards-ecthelion-ii,death_age,family-stewards
persons,stewards-ecthelion-ii,death_year,family-stewards
persons,stewards-ecthelion-ii,reported_lifespan,family-stewards
persons,stewards-ecthelion-ii,life_note,family-stewards
persons,stewards-ecthelion-ii,last_known_age,family-stewards
persons,stewards-ecthelion-ii,last_known_year,family-stewards
persons,stewards-ecthelion-ii,review_status,family-stewards
persons,stewards-denethor-ii,birth_age,family-stewards
persons,stewards-denethor-ii,birth_year,family-stewards
persons,stewards-denethor-ii,death_age,family-stewards
persons,stewards-denethor-ii,death_year,family-stewards
persons,stewards-denethor-ii,reported_lifespan,family-stewards
persons,stewards-denethor-ii,life_note,family-stewards
persons,stewards-denethor-ii,last_known_age,family-stewards
persons,stewards-denethor-ii,last_known_year,family-stewards
persons,stewards-denethor-ii,review_status,family-stewards
persons,family-isilmo,birth_age,family-numenor
persons,family-isilmo,birth_year,family-numenor
persons,family-isilmo,death_age,family-numenor
persons,family-isilmo,death_year,family-numenor
persons,family-isilmo,reported_lifespan,family-numenor
persons,family-isilmo,life_note,family-numenor
persons,family-isilmo,last_known_age,family-numenor
persons,family-isilmo,last_known_year,family-numenor
persons,family-isilmo,review_status,family-numenor
persons,family-gimilkhad,birth_age,family-numenor
persons,family-gimilkhad,birth_year,family-numenor
persons,family-gimilkhad,death_age,family-numenor
persons,family-gimilkhad,death_year,family-numenor
persons,family-gimilkhad,reported_lifespan,family-numenor
persons,family-gimilkhad,life_note,family-numenor
persons,family-gimilkhad,last_known_age,family-numenor
persons,family-gimilkhad,last_known_year,family-numenor
persons,family-gimilkhad,review_status,family-numenor
persons,family-miriel,birth_age,family-numenor
persons,family-miriel,birth_year,family-numenor
persons,family-miriel,death_age,family-numenor
persons,family-miriel,death_year,family-numenor
persons,family-miriel,reported_lifespan,family-numenor
persons,family-miriel,life_note,family-numenor
persons,family-miriel,last_known_age,family-numenor
persons,family-miriel,last_known_year,family-numenor
persons,family-miriel,review_status,family-numenor
persons,family-inzilbeth,birth_age,family-numenor
persons,family-inzilbeth,birth_year,family-numenor
persons,family-inzilbeth,death_age,family-numenor
persons,family-inzilbeth,death_year,family-numenor
persons,family-inzilbeth,reported_lifespan,family-numenor
persons,family-inzilbeth,life_note,family-numenor
persons,family-inzilbeth,last_known_age,family-numenor
persons,family-inzilbeth,last_known_year,family-numenor
persons,family-inzilbeth,review_status,family-numenor
persons,family-silmarien,birth_age,family-numenor
persons,family-silmarien,birth_year,family-numenor
persons,family-silmarien,death_age,family-numenor
persons,family-silmarien,death_year,family-numenor
persons,family-silmarien,reported_lifespan,family-numenor
persons,family-silmarien,life_note,family-numenor
persons,family-silmarien,last_known_age,family-numenor
persons,family-silmarien,last_known_year,family-numenor
persons,family-silmarien,review_status,family-numenor
persons,family-elatan,birth_age,family-numenor
persons,family-elatan,birth_year,family-numenor
persons,family-elatan,death_age,family-numenor
persons,family-elatan,death_year,family-numenor
persons,family-elatan,reported_lifespan,family-numenor
persons,family-elatan,life_note,family-numenor
persons,family-elatan,last_known_age,family-numenor
persons,family-elatan,last_known_year,family-numenor
persons,family-elatan,review_status,family-numenor
persons,family-valandil-andunie,birth_age,family-numenor
persons,family-valandil-andunie,birth_year,family-numenor
persons,family-valandil-andunie,death_age,family-numenor
persons,family-valandil-andunie,death_year,family-numenor
persons,family-valandil-andunie,reported_lifespan,family-numenor
persons,family-valandil-andunie,life_note,family-numenor
persons,family-valandil-andunie,last_known_age,family-numenor
persons,family-valandil-andunie,last_known_year,family-numenor
persons,family-valandil-andunie,review_status,family-numenor
persons,family-numendil,birth_age,family-numenor
persons,family-numendil,birth_year,family-numenor
persons,family-numendil,death_age,family-numenor
persons,family-numendil,death_year,family-numenor
persons,family-numendil,reported_lifespan,family-numenor
persons,family-numendil,life_note,family-numenor
persons,family-numendil,last_known_age,family-numenor
persons,family-numendil,last_known_year,family-numenor
persons,family-numendil,review_status,family-numenor
persons,family-amandil,birth_age,family-numenor
persons,family-amandil,birth_year,family-numenor
persons,family-amandil,death_age,family-numenor
persons,family-amandil,death_year,family-numenor
persons,family-amandil,reported_lifespan,family-numenor
persons,family-amandil,life_note,family-numenor
persons,family-amandil,last_known_age,family-numenor
persons,family-amandil,last_known_year,family-numenor
persons,family-amandil,review_status,family-numenor
persons,family-earendil-halfelven,birth_age,family-numenor
persons,family-earendil-halfelven,birth_year,family-numenor
persons,family-earendil-halfelven,death_age,family-numenor
persons,family-earendil-halfelven,death_year,family-numenor
persons,family-earendil-halfelven,reported_lifespan,family-numenor
persons,family-earendil-halfelven,life_note,family-numenor
persons,family-earendil-halfelven,last_known_age,family-numenor
persons,family-earendil-halfelven,last_known_year,family-numenor
persons,family-earendil-halfelven,review_status,family-numenor
persons,family-elwing,birth_age,family-numenor
persons,family-elwing,birth_year,family-numenor
persons,family-elwing,death_age,family-numenor
persons,family-elwing,death_year,family-numenor
persons,family-elwing,reported_lifespan,family-numenor
persons,family-elwing,life_note,family-numenor
persons,family-elwing,last_known_age,family-numenor
persons,family-elwing,last_known_year,family-numenor
persons,family-elwing,review_status,family-numenor
persons,family-almarian,birth_age,family-numenor
persons,family-almarian,birth_year,family-numenor
persons,family-almarian,death_age,family-numenor
persons,family-almarian,death_year,family-numenor
persons,family-almarian,reported_lifespan,family-numenor
persons,family-almarian,life_note,family-numenor
persons,family-almarian,last_known_age,family-numenor
persons,family-almarian,last_known_year,family-numenor
persons,family-almarian,review_status,family-numenor
persons,family-erendis,birth_age,family-numenor
persons,family-erendis,birth_year,family-numenor
persons,family-erendis,death_age,family-numenor
persons,family-erendis,death_year,family-numenor
persons,family-erendis,reported_lifespan,family-numenor
persons,family-erendis,life_note,family-numenor
persons,family-erendis,last_known_age,family-numenor
persons,family-erendis,last_known_year,family-numenor
persons,family-erendis,review_status,family-numenor
persons,family-hallacar,birth_age,family-numenor
persons,family-hallacar,birth_year,family-numenor
persons,family-hallacar,death_age,family-numenor
persons,family-hallacar,death_year,family-numenor
persons,family-hallacar,reported_lifespan,family-numenor
persons,family-hallacar,life_note,family-numenor
persons,family-hallacar,last_known_age,family-numenor
persons,family-hallacar,last_known_year,family-numenor
persons,family-hallacar,review_status,family-numenor
persons,family-tarciryan,birth_age,family-gondor
persons,family-tarciryan,birth_year,family-gondor
persons,family-tarciryan,death_age,family-gondor
persons,family-tarciryan,death_year,family-gondor
persons,family-tarciryan,reported_lifespan,family-gondor
persons,family-tarciryan,life_note,family-gondor
persons,family-tarciryan,last_known_age,family-gondor
persons,family-tarciryan,last_known_year,family-gondor
persons,family-tarciryan,review_status,family-gondor
persons,family-calimehtar-prince,birth_age,family-gondor
persons,family-calimehtar-prince,birth_year,family-gondor
persons,family-calimehtar-prince,death_age,family-gondor
persons,family-calimehtar-prince,death_year,family-gondor
persons,family-calimehtar-prince,reported_lifespan,family-gondor
persons,family-calimehtar-prince,life_note,family-gondor
persons,family-calimehtar-prince,last_known_age,family-gondor
persons,family-calimehtar-prince,last_known_year,family-gondor
persons,family-calimehtar-prince,review_status,family-gondor
persons,family-vidumavi,birth_age,family-gondor
persons,family-vidumavi,birth_year,family-gondor
persons,family-vidumavi,death_age,family-gondor
persons,family-vidumavi,death_year,family-gondor
persons,family-vidumavi,reported_lifespan,family-gondor
persons,family-vidumavi,life_note,family-gondor
persons,family-vidumavi,last_known_age,family-gondor
persons,family-vidumavi,last_known_year,family-gondor
persons,family-vidumavi,review_status,family-gondor
persons,family-minastan,birth_age,family-gondor
persons,family-minastan,birth_year,family-gondor
persons,family-minastan,death_age,family-gondor
persons,family-minastan,death_year,family-gondor
persons,family-minastan,reported_lifespan,family-gondor
persons,family-minastan,life_note,family-gondor
persons,family-minastan,last_known_age,family-gondor
persons,family-minastan,last_known_year,family-gondor
persons,family-minastan,review_status,family-gondor
persons,family-arciryas,birth_age,family-gondor
persons,family-arciryas,birth_year,family-gondor
persons,family-arciryas,death_age,family-gondor
persons,family-arciryas,death_year,family-gondor
persons,family-arciryas,reported_lifespan,family-gondor
persons,family-arciryas,life_note,family-gondor
persons,family-arciryas,last_known_age,family-gondor
persons,family-arciryas,last_known_year,family-gondor
persons,family-arciryas,review_status,family-gondor
persons,family-calimmacil,birth_age,family-gondor
persons,family-calimmacil,birth_year,family-gondor
persons,family-calimmacil,death_age,family-gondor
persons,family-calimmacil,death_year,family-gondor
persons,family-calimmacil,reported_lifespan,family-gondor
persons,family-calimmacil,life_note,family-gondor
persons,family-calimmacil,last_known_age,family-gondor
persons,family-calimmacil,last_known_year,family-gondor
persons,family-calimmacil,review_status,family-gondor
persons,family-siriondil-prince,birth_age,family-gondor
persons,family-siriondil-prince,birth_year,family-gondor
persons,family-siriondil-prince,death_age,family-gondor
persons,family-siriondil-prince,death_year,family-gondor
persons,family-siriondil-prince,reported_lifespan,family-gondor
persons,family-siriondil-prince,life_note,family-gondor
persons,family-siriondil-prince,last_known_age,family-gondor
persons,family-siriondil-prince,last_known_year,family-gondor
persons,family-siriondil-prince,review_status,family-gondor
persons,family-firiel,birth_age,family-gondor
persons,family-firiel,birth_year,family-gondor
persons,family-firiel,death_age,family-gondor
persons,family-firiel,death_year,family-gondor
persons,family-firiel,reported_lifespan,family-gondor
persons,family-firiel,life_note,family-gondor
persons,family-firiel,last_known_age,family-gondor
persons,family-firiel,last_known_year,family-gondor
persons,family-firiel,review_status,family-gondor
persons,family-gilraen,birth_age,family-north
persons,family-gilraen,birth_year,family-north
persons,family-gilraen,death_age,family-north
persons,family-gilraen,death_year,family-north
persons,family-gilraen,reported_lifespan,family-north
persons,family-gilraen,life_note,family-north
persons,family-gilraen,last_known_age,family-north
persons,family-gilraen,last_known_year,family-north
persons,family-gilraen,review_status,family-north
persons,family-rian,birth_age,family-stewards
persons,family-rian,birth_year,family-stewards
persons,family-rian,death_age,family-stewards
persons,family-rian,death_year,family-stewards
persons,family-rian,reported_lifespan,family-stewards
persons,family-rian,life_note,family-stewards
persons,family-rian,last_known_age,family-stewards
persons,family-rian,last_known_year,family-stewards
persons,family-rian,review_status,family-stewards
persons,family-morwen,birth_age,family-stewards
persons,family-morwen,birth_year,family-stewards
persons,family-morwen,death_age,family-stewards
persons,family-morwen,death_year,family-stewards
persons,family-morwen,reported_lifespan,family-stewards
persons,family-morwen,life_note,family-stewards
persons,family-morwen,last_known_age,family-stewards
persons,family-morwen,last_known_year,family-stewards
persons,family-morwen,review_status,family-stewards
persons,family-vorondil,birth_age,family-stewards
persons,family-vorondil,birth_year,family-stewards
persons,family-vorondil,death_age,family-stewards
persons,family-vorondil,death_year,family-stewards
persons,family-vorondil,reported_lifespan,family-stewards
persons,family-vorondil,life_note,family-stewards
persons,family-vorondil,last_known_age,family-stewards
persons,family-vorondil,last_known_year,family-stewards
persons,family-vorondil,review_status,family-stewards
persons,family-pelendur,birth_age,family-stewards
persons,family-pelendur,birth_year,family-stewards
persons,family-pelendur,death_age,family-stewards
persons,family-pelendur,death_year,family-stewards
persons,family-pelendur,reported_lifespan,family-stewards
persons,family-pelendur,life_note,family-stewards
persons,family-pelendur,last_known_age,family-stewards
persons,family-pelendur,last_known_year,family-stewards
persons,family-pelendur,review_status,family-stewards
persons,family-hurin-emyn-arnen,birth_age,family-stewards
persons,family-hurin-emyn-arnen,birth_year,family-stewards
persons,family-hurin-emyn-arnen,death_age,family-stewards
persons,family-hurin-emyn-arnen,death_year,family-stewards
persons,family-hurin-emyn-arnen,reported_lifespan,family-stewards
persons,family-hurin-emyn-arnen,life_note,family-stewards
persons,family-hurin-emyn-arnen,last_known_age,family-stewards
persons,family-hurin-emyn-arnen,last_known_year,family-stewards
persons,family-hurin-emyn-arnen,review_status,family-stewards
reigns,numenor-numenor-elros-tar-minyatur-32,succession_type,numenor
reigns,numenor-numenor-vardamir-nolimon-442,succession_type,numenor
reigns,numenor-numenor-tar-amandil-443,succession_type,numenor
reigns,numenor-numenor-tar-elendil-590,succession_type,numenor
reigns,numenor-numenor-tar-meneldur-740,succession_type,numenor
reigns,numenor-numenor-tar-aldarion-883,succession_type,numenor
reigns,numenor-numenor-tar-ancalime-1075,succession_type,numenor
reigns,numenor-numenor-tar-anarion-1280,succession_type,numenor
reigns,numenor-numenor-tar-surion-1394,succession_type,numenor
reigns,numenor-numenor-tar-telperien-1556,succession_type,numenor
reigns,numenor-numenor-tar-minastir-1731,succession_type,numenor
reigns,numenor-numenor-tar-ciryatan-1869,succession_type,numenor
reigns,numenor-numenor-tar-atanamir-2029,succession_type,numenor
reigns,numenor-numenor-tar-ancalimon-2221,succession_type,numenor
reigns,numenor-numenor-tar-telemmaite-2386,succession_type,numenor
reigns,numenor-numenor-tar-vanimelde-2526,succession_type,numenor
reigns,numenor-numenor-tar-anducal-2637,succession_type,numenor
reigns,numenor-numenor-tar-alcarin-2657,succession_type,numenor
reigns,numenor-numenor-tar-calmacil-2737,succession_type,numenor
reigns,numenor-numenor-tar-ardamin-2825,succession_type,numenor
reigns,numenor-numenor-ar-adunakhor-2899,succession_type,numenor
reigns,numenor-numenor-ar-zimrathon-2962,succession_type,numenor
reigns,numenor-numenor-ar-sakalthor-3033,succession_type,numenor
reigns,numenor-numenor-ar-gimilzor-3102,succession_type,numenor
reigns,numenor-numenor-tar-palantir-3177,succession_type,numenor
reigns,numenor-numenor-ar-pharazon-3255,succession_type,numenor
reigns,arnor-arnor-elendil-3320,succession_type,arnor
reigns,arnor-arnor-isildur-3441,succession_type,arnor
reigns,arnor-arnor-valandil-2,succession_type,arnor
reigns,arnor-arnor-eldacar-249,succession_type,arnor
reigns,arnor-arnor-arantar-339,succession_type,arnor
reigns,arnor-arnor-tarcil-435,succession_type,arnor
reigns,arnor-arnor-tarondor-515,succession_type,arnor
reigns,arnor-arnor-valandur-602,succession_type,arnor
reigns,arnor-arnor-elendur-652,succession_type,arnor
reigns,arnor-arnor-earendur-777,succession_type,arnor
reigns,arthedain-arthedain-amlaith-861,succession_type,arthedain
reigns,arthedain-arthedain-beleg-946,succession_type,arthedain
reigns,arthedain-arthedain-mallor-1029,succession_type,arthedain
reigns,arthedain-arthedain-celepharn-1110,succession_type,arthedain
reigns,arthedain-arthedain-celebrindor-1191,succession_type,arthedain
reigns,arthedain-arthedain-malvegil-1272,succession_type,arthedain
reigns,arthedain-arthedain-argeleb-i-1349,succession_type,arthedain
reigns,arthedain-arthedain-arveleg-i-1356,succession_type,arthedain
reigns,arthedain-arthedain-araphor-1409,succession_type,arthedain
reigns,arthedain-arthedain-argeleb-ii-1589,succession_type,arthedain
reigns,arthedain-arthedain-arvegil-1670,succession_type,arthedain
reigns,arthedain-arthedain-arveleg-ii-1743,succession_type,arthedain
reigns,arthedain-arthedain-araval-1813,succession_type,arthedain
reigns,arthedain-arthedain-araphant-1891,succession_type,arthedain
reigns,arthedain-arthedain-arvedui-1964,succession_type,arthedain
reigns,chieftains-chieftains-aranarth-1976,succession_type,chieftains
reigns,chieftains-chieftains-arahael-2106,succession_type,chieftains
reigns,chieftains-chieftains-aranuir-2177,succession_type,chieftains
reigns,chieftains-chieftains-aravir-2247,succession_type,chieftains
reigns,chieftains-chieftains-aragorn-i-2319,succession_type,chieftains
reigns,chieftains-chieftains-araglas-2327,succession_type,chieftains
reigns,chieftains-chieftains-arahad-i-2455,succession_type,chieftains
reigns,chieftains-chieftains-aragost-2523,succession_type,chieftains
reigns,chieftains-chieftains-aravorn-2588,succession_type,chieftains
reigns,chieftains-chieftains-arahad-ii-2654,succession_type,chieftains
reigns,chieftains-chieftains-arassuil-2719,succession_type,chieftains
reigns,chieftains-chieftains-arathorn-i-2784,succession_type,chieftains
reigns,chieftains-chieftains-argonui-2848,succession_type,chieftains
reigns,chieftains-chieftains-arador-2912,succession_type,chieftains
reigns,chieftains-chieftains-arathorn-ii-2930,succession_type,chieftains
reigns,chieftains-chieftains-aragorn-ii-2933,succession_type,chieftains
reigns,gondor-arnor-elendil-3320,succession_type,gondor
reigns,gondor-gondor-anarion-3320,succession_type,gondor
reigns,gondor-arnor-isildur-3320,succession_type,gondor
reigns,gondor-gondor-meneldil-2,succession_type,gondor
reigns,gondor-gondor-cemendur-158,succession_type,gondor
reigns,gondor-gondor-earendil-238,succession_type,gondor
reigns,gondor-gondor-anardil-324,succession_type,gondor
reigns,gondor-gondor-ostoher-411,succession_type,gondor
reigns,gondor-gondor-romendacil-i-492,succession_type,gondor
reigns,gondor-gondor-turambar-541,succession_type,gondor
reigns,gondor-gondor-atanatar-i-667,succession_type,gondor
reigns,gondor-gondor-siriondil-748,succession_type,gondor
reigns,gondor-gondor-tarannon-falastur-830,succession_type,gondor
reigns,gondor-gondor-earnil-i-913,succession_type,gondor
reigns,gondor-gondor-ciryandil-936,succession_type,gondor
reigns,gondor-gondor-hyarmendacil-i-1015,succession_type,gondor
reigns,gondor-gondor-atanatar-ii-alcarin-1149,succession_type,gondor
reigns,gondor-gondor-narmacil-i-1226,succession_type,gondor
reigns,gondor-gondor-calmacil-1294,succession_type,gondor
reigns,gondor-gondor-romendacil-ii-1304,succession_type,gondor
reigns,gondor-gondor-valacar-1366,succession_type,gondor
reigns,gondor-gondor-eldacar-1432,succession_type,gondor
reigns,gondor-gondor-castamir-1437,succession_type,gondor
reigns,gondor-gondor-eldacar-1447,succession_type,gondor
reigns,gondor-gondor-aldamir-1490,succession_type,gondor
reigns,gondor-gondor-hyarmendacil-ii-1540,succession_type,gondor
reigns,gondor-gondor-minardil-1621,succession_type,gondor
reigns,gondor-gondor-telemnar-1634,succession_type,gondor
reigns,gondor-gondor-tarondor-1636,succession_type,gondor
reigns,gondor-gondor-telumehtar-umbardacil-1798,succession_type,gondor
reigns,gondor-gondor-narmacil-ii-1850,succession_type,gondor
reigns,gondor-gondor-calimehtar-1856,succession_type,gondor
reigns,gondor-gondor-ondoher-1936,succession_type,gondor
reigns,gondor-gondor-earnil-ii-1945,succession_type,gondor
reigns,gondor-gondor-earnur-2043,succession_type,gondor
reigns,stewards-stewards-mardil-voronwe-2050,succession_type,stewards
reigns,stewards-stewards-eradan-2080,succession_type,stewards
reigns,stewards-stewards-herion-2116,succession_type,stewards
reigns,stewards-stewards-belegorn-2148,succession_type,stewards
reigns,stewards-stewards-hurin-i-2204,succession_type,stewards
reigns,stewards-stewards-turin-i-2244,succession_type,stewards
reigns,stewards-stewards-hador-2278,succession_type,stewards
reigns,stewards-stewards-barahir-2395,succession_type,stewards
reigns,stewards-stewards-dior-2412,succession_type,stewards
reigns,stewards-stewards-denethor-i-2435,succession_type,stewards
reigns,stewards-stewards-boromir-2477,succession_type,stewards
reigns,stewards-stewards-cirion-2489,succession_type,stewards
reigns,stewards-stewards-hallas-2567,succession_type,stewards
reigns,stewards-stewards-hurin-ii-2605,succession_type,stewards
reigns,stewards-stewards-belecthor-i-2628,succession_type,stewards
reigns,stewards-stewards-orodreth-2655,succession_type,stewards
reigns,stewards-stewards-ecthelion-i-2685,succession_type,stewards
reigns,stewards-stewards-egalmoth-2698,succession_type,stewards
reigns,stewards-stewards-beren-2743,succession_type,stewards
reigns,stewards-stewards-beregond-2763,succession_type,stewards
reigns,stewards-stewards-belecthor-ii-2811,succession_type,stewards
reigns,stewards-stewards-thorondir-2872,succession_type,stewards
reigns,stewards-stewards-turin-ii-2882,succession_type,stewards
reigns,stewards-stewards-turgon-2914,succession_type,stewards
reigns,stewards-stewards-ecthelion-ii-2953,succession_type,stewards
reigns,stewards-stewards-denethor-ii-2984,succession_type,stewards
reigns,reunited-chieftains-aragorn-ii-3019,succession_type,reunited
